"HDR";"010";"20200529000000"
"POS";"5449000097170";"Coca-Cola";"";"0";"0";"1000";"1";"Coca-Cola light lem.       nrp"
"POS";"5449000125606";"Coca-Cola";"";"0";"0";"1000";"1";"Coca-Cola light Lime       nrp"
"POS";"5449000125637";"Coca-Cola";"";"0";"0";"1000";"1";"Coca-Cola Lime             nrp"
"POS";"5449000096333";"Coca-Cola";"";"0";"0";"1000";"1";"Coca-Cola Vanilla          nrp"
"POS";"5449000037947";"Coca-Cola";"";"0";"0";"1000";"1";"Fanta Fresh Apple          nrp"
"POS";"5449000000088";"Coca-Cola";"";"0";"0";"1000";"1";"Fanta Lemon                nrp"
"POS";"5449000122896";"Coca-Cola";"";"0";"0";"1000";"1";"Fanta Lemon light          nrp"
"POS";"5000112544565";"Coca-Cola";"";"0";"0";"1500";"1";"Fanta Orange light         nrp"
"POS";"5449000090997";"Coca-Cola";"";"0";"0";"1000";"1";"Fanta Orange light         nrp"
"POS";"5449000122933";"Coca-Cola";"";"0";"0";"1000";"1";"Fanta Funky Pomelo"
"POS";"5449000122957";"Coca-Cola";"";"0";"0";"1000";"1";"Fanta Pomelo light         nrp"
"POS";"5449000122919";"Coca-Cola";"";"0";"0";"1000";"1";"Fanta Red Fruit            nrp"
"POS";"5449000050939";"Coca-Cola";"";"0";"0";"1000";"1";"Sprite                     nrp"
"POS";"5449000027870";"Coca-Cola";"";"0";"0";"1000";"1";"Sprite Zero                nrp"
"POS";"5449000006271";"Coca-Cola";"";"0";"0";"1000";"1";"Fanta orange 1,0 ltr       nrp"
"POS";"5410013130000";"Spadel";"";"0";"0";"1500";"1";"Spa MH"
"POS";"5410013120513";"Spadel";"";"0";"0";"1500";"1";"Spa citron"
"POS";"5410013142645";"Spadel";"";"0";"0";"1500";"1";"Spa orange"
"POS";"5410013145998";"Spadel";"";"0";"0";"1500";"1";"Spa lem-cact"
"POS";"5410013161509";"Spadel";"";"0";"0";"1500";"1";"Spa pomme"
"POS";"5410013170037";"Spadel";"";"0";"0";"1500";"1";"Spa multi fruit "
"POS";"5410013140504";"Spadel";"";"0";"0";"1500";"1";"Spa orange passion"
"POS";"5410013172550";"Spadel";"";"0";"0";"1500";"1";"Spa rais blanc"
"POS";"8710642007139";"Coca-Cola";"";"0";"0";"1000";"1";"Fern. Cherry Bouquet"
"POS";"8710642007115";"Coca-Cola";"";"0";"0";"1000";"1";"Fern.Green Punch"
"POS";"8710642007108";"Coca-Cola";"";"0";"0";"1000";"1";"Fern. Red Grape"
"POS";"8710642007146";"Coca-Cola";"";"0";"0";"1000";"1";"Fern. Super Pineapple"
"POS";"8710642007122";"Coca-Cola";"";"0";"0";"1000";"1";"Fern. Cream Ginger"
"POS";"8715600227499";"Vrumona";"";"0";"0";"1500";"1";"Pepsi cola 1,5 ltr NRP"
"POS";"8722200950962";"U.S.D.";"";"0";"0";"1000";"1";"Vruchtensiroop sinas r-p 1L"
"POS";"8722200950955";"U.S.D.";"";"0";"0";"1000";"1";"Vruchtensiroop framb r-p 1L"
"POS";"8722200950986";"U.S.D.";"";"0";"0";"1000";"1";"Vruchtensiroop Cassis r-p 1"
"POS";"8722200951006";"U.S.D.";"";"0";"0";"1000";"1";"Vruchtensiroop Aardb r-p 1L"
"POS";"8715600227123";"Vrumona";"";"0";"0";"1500";"1";"CR.CLEAR PEACH 150 CL"
"POS";"8715600227345";"Vrumona";"";"0";"0";"1500";"1";"DR PEPPER  150 CL"
"POS";"8715600227376";"Vrumona";"";"0";"0";"1500";"1";"PEPSI MAX 150 CL."
"POS";"8715600227437";"Vrumona";"";"0";"0";"1500";"1";"PC LIGHT  150 CL."
"POS";"8715600227550";"Vrumona";"";"0";"0";"1500";"1";"MAX COOL LEMON 150 CL."
"POS";"8715600227581";"Vrumona";"";"0";"0";"1000";"1";"RIV. GREEN 100 CL"
"POS";"8715600227673";"Vrumona";"";"0";"0";"1000";"1";"SINAS LIGHT 100 CL"
"POS";"8715600227710";"Vrumona";"";"0";"0";"1000";"1";"CRANBERRY 100 CL"
"POS";"8715600227734";"Vrumona";"";"0";"0";"1000";"1";"CASSIS LIGHT 100 CL"
"POS";"8715600227895";"Vrumona";"";"0";"0";"1000";"1";"SISI REGULAR 100 CL"
"POS";"8715600227932";"Vrumona";"";"0";"0";"1500";"1";"RASPBERRY NB 150 CL."
"POS";"8715600228656";"Vrumona";"";"0";"0";"1500";"1";"CR.CL. CITR/PASSIE 1,5l"
"POS";"8715600229066";"Vrumona";"";"0";"0";"1000";"1";"SY SPR CRANB.APPEL 12x100 cl p"
"POS";"8715600229080";"Vrumona";"";"0";"0";"1000";"1";"SY Spr LIMOEN APPEL 100cl prb"
"POS";"8715600229165";"Vrumona";"";"0";"0";"1000";"1";"RIVELLA ROOD  12X100cl prb"
"POS";"5410013305491";"Spadel";"";"0";"0";"1250";"1";"Bru bruizend water kzh"
"POS";"5410013340072";"Spadel";"";"0";"0";"1500";"1";"Bru bruizend water kzv"
"POS";"5410013118107";"Spadel";"";"0";"0";"2000";"1";"Spa Reine 2,0"
"POS";"5410013140580";"Spadel";"";"0";"0";"1500";"1";"Spa&Fruit Fresh Lime"
"POS";"87222128";"U.S.D.";"";"0";"0";"1250";"1";"Bar.le.Duc Kzv 1,25L Pet"
"POS";"87222135";"U.S.D.";"";"0";"0";"1250";"1";"Bar.le.Duc Kzh 1,25L Pet"
"POS";"87222142";"U.S.D.";"";"0";"0";"1250";"1";"Bar le Duc Citroen 1,25L"
"POS";"87222166";"U.S.D.";"";"0";"0";"1250";"1";"Raak Framb. Gaz. 1,25L Pet"
"POS";"87222319";"U.S.D.";"";"0";"0";"1500";"1";"Summit Orange 1,5L Pet"
"POS";"87222326";"U.S.D.";"";"0";"0";"1500";"1";"Summit Cola 1,5L Pet"
"POS";"87222333";"U.S.D.";"";"0";"0";"1500";"1";"Summit Drink 1,5L Pet"
"POS";"87222340";"U.S.D.";"";"0";"0";"1500";"1";"Summit Cola Light 1,5L Pet"
"POS";"8710400446279";"U.S.D.";"";"0";"0";"1500";"1";"AH Cassis 1,5L Pet"
"POS";"8710400446286";"U.S.D.";"";"0";"0";"1500";"1";"AH Cola Light 1,5L Pet"
"POS";"8710400446293";"U.S.D.";"";"0";"0";"1500";"1";"AH Cola Regular 1,5L Pet"
"POS";"8710400446347";"U.S.D.";"";"0";"0";"1500";"1";"AH IJsthee Light 1,5L Pet"
"POS";"8710400446354";"U.S.D.";"";"0";"0";"1500";"1";"AH IJsthee Sprankelend 1,5L"
"POS";"8710400446385";"U.S.D.";"";"0";"0";"1500";"1";"AH Lemon-Lime light 1,5L"
"POS";"8710400446392";"U.S.D.";"";"0";"0";"1500";"1";"AH  Lemon-Lime Regular 1,5L"
"POS";"8710400446408";"U.S.D.";"";"0";"0";"1500";"1";"AH Sinas Light 1,5L Pet"
"POS";"8710400446415";"U.S.D.";"";"0";"0";"1500";"1";"AH Sinas Regular 1,5L Pet"
"POS";"8710400446644";"U.S.D.";"";"0";"0";"1500";"1";"AH Cola Caf.Free 1,5L Pet"
"POS";"8710458009204";"U.S.D.";"";"0";"0";"1500";"1";"Markant Sinas 1,5L Pet"
"POS";"8710458009211";"U.S.D.";"";"0";"0";"1500";"1";"Markant Drink 1,5L Pet"
"POS";"8710458009228";"U.S.D.";"";"0";"0";"1500";"1";"Markant Cola 1,5L Pet"
"POS";"8710458009235";"U.S.D.";"";"0";"0";"1500";"1";"Markant Cassis 1,5L Pet"
"POS";"8710624021061";"U.S.D.";"";"0";"0";"1500";"1";"Perfect Sinas 1,5L Pet"
"POS";"8710624021085";"U.S.D.";"";"0";"0";"1500";"1";"Perfect Drink 1,5L Pet"
"POS";"8710624021108";"U.S.D.";"";"0";"0";"1500";"1";"Perfect Cola 1,5L Pet"
"POS";"8710624021122";"U.S.D.";"";"0";"0";"1500";"1";"Perfect Cassis 1,5L Pet"
"POS";"8710624021146";"U.S.D.";"";"0";"0";"1500";"1";"Perfect Cola Light 1,5L Pet"
"POS";"8710624021160";"U.S.D.";"";"0";"0";"1500";"1";"Perfect Sinas Light 1,5 Pet"
"POS";"8710624921354";"U.S.D.";"";"0";"0";"1500";"1";"Plus Lemon 1,5L Pet"
"POS";"8710933092578";"U.S.D.";"";"0";"0";"1500";"1";"O'lacy Cola 1,5L Pet"
"POS";"8710933092585";"U.S.D.";"";"0";"0";"1500";"1";"O'lacy Cola Light 1,5L Pet"
"POS";"8710933092592";"U.S.D.";"";"0";"0";"1500";"1";"O'lacy Drink 1,5L Pet"
"POS";"8710933092608";"U.S.D.";"";"0";"0";"1500";"1";"O'lacy Sinas 1,5L Pet"
"POS";"8710933092615";"U.S.D.";"";"0";"0";"1500";"1";"O'lacy Sinas Light 1,5L Pet"
"POS";"8710933092677";"U.S.D.";"";"0";"0";"1500";"1";"O'lacy Cassis 1,5L pet"
"POS";"8715600229202";"Vrumona";"";"0";"0";"1500";"1";"PET 150cl CRYSTAL CLEAR CHERRY"
"POS";"8715600229226";"Vrumona";"";"0";"0";"1000";"1";"PET 100cl SOURCY SPRS.CRA/APP "
"POS";"8715600229240";"Vrumona";"";"0";"0";"1000";"1";"SOURCY SPRS.LIM/APP 1,0 "
"POS";"8715600229264";"Vrumona";"";"0";"0";"1000";"1";"PET 100cl RIVELLA ROOD      12"
"POS";"8715600229288";"Vrumona";"";"0";"0";"1000";"1";"PET 100cl PEPSI MAX         12"
"POS";"8722200951266";"U.S.D.";"";"0";"0";"1500";"1";"Euroshopper Cola 1,5L Pet"
"POS";"8722200951273";"U.S.D.";"";"0";"0";"1500";"1";"Euroshopper Cola Light 1,5L"
"POS";"8722200951280";"U.S.D.";"";"0";"0";"1500";"1";"Euroshopper Orange 1,5L Pet"
"POS";"8722200951297";"U.S.D.";"";"0";"0";"1500";"1";"Euroshopper Drink 1,5L Pet"
"POS";"9006378633452";"Drinks & Liquors B.V.";"";"0";"0";"1500";"1";"Red Oktober Energy 1,5 ltr"
"POS";"8710408101590";"U.S.D.";"";"0";"0";"1500";"1";"C 1000 cola light"
"POS";"8715600229929";"Vrumona";"";"0";"0";"1500";"1";"Crystal Clear Peach 1,5 ltr"
"POS";"3068320049502";"BSB";"";"0";"0";"1500";"1";"Evian 1,5 ltr"
"POS";"8715600227048";"Vrumona";"";"0";"0";"1500";"1";"Crystal Clear Lemon"
"POS";"8715600229141";"Vrumona";"";"0";"0";"1500";"1";"Crystal Clear Sparkling Cherry"
"POS";"8710624024512";"Topbronnen";"";"0";"0";"1500";"1";"Bon Vital bruisend water"
"POS";"8710624024536";"Topbronnen";"";"0";"0";"1500";"1";"Bon Vital plat water"
"POS";"5411118105078";"Topbronnen";"";"0";"0";"1500";"1";"Eigen product bruisend water"
"POS";"5411118105092";"Topbronnen";"";"0";"0";"1500";"1";"Top bronwater KZV"
"POS";"5000112556100";"Coca-Cola";"";"0";"0";"1000";"1";"FANTA WORLD MANGO"
"POS";"8809041422305";"Engel Foreign Food bv";"";"0";"0";"1500";"1";"Aloe Vera Lychee"
"POS";"8809041422312";"Engel Foreign Food bv";"";"0";"0";"1500";"1";"Aloe Vera Peach"
"POS";"8809041422329";"Engel Foreign Food bv";"";"0";"0";"1500";"1";"Aloe Vera Pineapple"
"POS";"8715600229875";"Vrumona";"";"0";"0";"1500";"1";"7-UP FREE XTRA BITE"
"POS";"0742782211938";"Engel Foreign Food bv";"";"0";"0";"1000";"1";"Gosa Fria"
"POS";"8710933097207";"U.S.D.";"";"0";"0";"1500";"1";"O'lacy light drink"
"POS";"3830000160827";"Gejo Trading BV";"";"0";"0";"1500";"1";"Bleu tornado"
"POS";"3068320011066";"BSB";"";"0";"0";"1000";"1";"EVIAN 1,0 LTR"
"POS";"5410013140573";"Spadel";"";"0";"0";"1500";"1";"Spa Citron"
"POS";"5410013140559";"Spadel";"";"0";"0";"1500";"1";"Spa & Fruit Orange"
"POS";"5410013140566";"Spadel";"";"0";"0";"1500";"1";"Spa & Fruit Lemon-Cactus"
"POS";"8710458010637";"U.S.D.";"";"0";"0";"1500";"1";"Markant Sinas Light"
"POS";"87222722";"U.S.D.";"";"0";"0";"1500";"1";"Summit cassis"
"POS";"5449000957122";"Coca-Cola";"";"0";"0";"1500";"1";"Fanta Pomelo Light"
"POS";"5000112562194";"Coca-Cola";"";"0";"0";"1500";"1";"Fanta Lemon Light"
"POS";"5449000958976";"Coca-Cola";"";"0";"0";"1500";"1";"Fanta Red Fruit"
"POS";"5000112554502";"Coca-Cola";"";"0";"0";"1500";"1";"Sprite"
"POS";"5000112554519";"Coca-Cola";"";"0";"0";"1500";"1";"Sprite Zero"
"POS";"8710642093446";"Coca-Cola";"";"0";"0";"1000";"1";"Fernandes ligth green punch"
"POS";"8710642093439";"Coca-Cola";"";"0";"0";"1000";"1";"Fernandes Cherry bouquet light"
"POS";"5410013145509";"Spadel";"";"0";"0";"1500";"1";"Spa&Fruit lemon/cactus"
"POS";"5410013120001";"Spadel";"";"0";"0";"1500";"1";"Spa citroen vit C"
"POS";"5410013142003";"Spadel";"";"0";"0";"1500";"1";"Spa&Fruit orange"
"POS";"8713500078135";"Vrumona";"";"0";"0";"1500";"1";"Crystal clear apple "
"POS";"8722200952577";"U.S.D.";"";"0";"0";"1500";"1";"Bar le duc fruite citron"
"POS";"8715600225020";"Vrumona";"";"0";"0";"1000";"1";"Royal club lemon mandarin "
"POS";"8722200952621";"U.S.D.";"";"0";"0";"1500";"1";"Bar le Duc fruite bessenappel "
"POS";"87311266";"Vrumona";"";"0";"0";"1000";"1";"Sourcy Stil munt (KZV)"
"POS";"87311273";"Vrumona";"";"0";"0";"1000";"1";"Sourcy Stil citroen (KZV)"
"POS";"87311259";"Vrumona";"";"0";"0";"1000";"1";"Sourcy Licht Sprankelend (KZH)"
"POS";"87311235";"Vrumona";"";"0";"0";"1000";"1";"Sourcy Sprankelend munt (KZH)"
"POS";"8715600223699";"Vrumona";"";"0";"0";"1000";"1";"Royal Club citruz NL"
"POS";"5410013339502";"Spadel";"";"0";"0";"1250";"1";"Bru natuurlijk mineraalwater "
"POS";"8710624045173";"Topbronnen";"";"0";"0";"1500";"1";"Perfekt Ice tea regular "
"POS";"8710624045159";"Topbronnen";"";"0";"0";"1500";"1";"Perfekt Ice tea light"
"POS";"8710933105346";"Topbronnen";"";"0";"0";"1500";"1";"O'Lacy's Ice tea regular"
"POS";"8710933105360";"Topbronnen";"";"0";"0";"1500";"1";"O'Lacy's Ice tea light"
"POS";"8710458012174";"Topbronnen";"";"0";"0";"1500";"1";"Markant Ice tea regular"
"POS";"8710458012167";"Topbronnen";"";"0";"0";"1500";"1";"Markant Ice tea light"
"POS";"8710933106220";"Topbronnen";"";"0";"0";"1500";"1";"O'Lacy's limonade orange KZV"
"POS";"8710933106244";"Topbronnen";"";"0";"0";"1500";"1";"O'Lacy's limonade lemon KZV"
"POS";"87222180";"U.S.D.";"";"0";"0";"1250";"1";"Bar Le Duc met frambosen "
"POS";"5449000142818";"Coca-Cola";"";"0";"0";"1000";"1";"Fanta zero orange 1,0 ltr"
"POS";"8711576082711";"Topbronnen";"";"0";"0";"1500";"1";"ARO water plat"
"POS";"8711576082728";"Topbronnen";"";"0";"0";"1500";"1";"ARO water bruis"
"POS";"8711576082759";"Topbronnen";"";"0";"0";"1500";"1";"ARO cola"
"POS";"8711576082766";"Topbronnen";"";"0";"0";"1500";"1";"ARO orange"
"POS";"8711576082773";"Topbronnen";"";"0";"0";"1500";"1";"ARO lemon"
"POS";"8710624949150";"Topbronnen";"";"0";"0";"1500";"1";"PLUS ice tea regular"
"POS";"8710624962197";"Topbronnen";"";"0";"0";"1500";"1";"PLUS ice tea light"
"POS";"8715600231212";"Vrumona";"";"0";"0";"1500";"1";"Sisi Fruit water orange "
"POS";"8715600230932";"Vrumona";"";"0";"0";"1000";"1";"Crystal Clear Shine Cranberry "
"POS";"8715600230918";"Vrumona";"";"0";"0";"1000";"1";"Crystal Clear Shine ap-jasm"
"POS";"8715600231199";"Vrumona";"";"0";"0";"1500";"1";"Sisi fruit water strawberry"
"POS";"8722200950863";"U.S.D.";"";"0";"0";"1500";"1";"Cathareine nat min water kzh"
"POS";"5410013123002";"Spadel";"";"0";"0";"1500";"1";"Spa citron + ginger"
"POS";"5410013121503";"Spadel";"";"0";"0";"1500";"1";"Spa citron + mint"
"POS";"87222012";"U.S.D.";"";"0";"0";"1500";"1";"Bar le Duc Red Fruit"
"POS";"87222036";"U.S.D.";"";"0";"0";"1500";"1";"Bar le Duc Orange Mango"
"POS";"87222029";"U.S.D.";"";"0";"0";"1500";"1";"Bar le Duc Pink Grapefruit"
"POS";"87222630";"U.S.D.";"";"0";"0";"1500";"1";"Bar le Duc koolzuurvrij "
"POS";"87222654";"U.S.D.";"";"0";"0";"1500";"1";"Bar le Duc koolzuurhoudend"
"POS";"8710624020514";"Refresco";"";"0";"0";"1500";"1";"LUNTA ORANGE"
"POS";"8710624020538";"Refresco";"";"0";"0";"1500";"1";"LUNTA ORANGE LIGHT"
"POS";"8710624028176";"Refresco";"";"0";"0";"1500";"1";"First Choice cola lemon light"
"POS";"8710624028213";"Refresco";"";"0";"0";"1500";"1";"First Choice cola regular"
"POS";"8710624028190";"Refresco";"";"0";"0";"1500";"1";"First Choice cola light"
"POS";"8710624028152";"Refresco";"";"0";"0";"1500";"1";"First Choice cola light caf fr"
"POS";"8714800017787";"Refresco";"";"0";"0";"1500";"1";"Highway Orange"
"POS";"8714800017817";"Refresco";"";"0";"0";"1500";"1";"Highway Lemon lime"
"POS";"8714800017824";"Refresco";"";"0";"0";"1500";"1";"Highway cola"
"POS";"8710406207430";"Refresco";"";"0";"0";"1500";"1";"REAL AMERICAN COLA REG."
"POS";"8710406207447";"Refresco";"";"0";"0";"1500";"1";"REAL AMERICAN COLALIGHT"
"POS";"8710871018517";"Refresco";"";"0";"0";"1500";"1";"PET 150cl REAL COOL COLA LIGHT"
"POS";"8710406207485";"Refresco";"";"0";"0";"1500";"1";"PET 150cl ORANGE"
"POS";"8710406207508";"Refresco";"";"0";"0";"1500";"1";"PET 150cl LEMON LIME"
"POS";"8710406207492";"Refresco";"";"0";"0";"1500";"1";"PET 150cl ORANGE LIGHT"
"POS";"8710871018371";"Refresco";"";"0";"0";"1500";"1";"PET 150cl REAL COOL COLA"
"POS";"8714800017695";"Refresco";"";"0";"0";"1500";"1";"PET 150cl 3-ES COLA"
"POS";"8714800017701";"Refresco";"";"0";"0";"1500";"1";"PET 150cl 3-ES LEMON LIME"
"POS";"8714800017725";"Refresco";"";"0";"0";"1500";"1";"PET 150cl 3-ES CASSIS"
"POS";"8713500007647";"Refresco";"";"0";"0";"1500";"1";"PET 150cl HERO CASSIS [0325]"
"POS";"8713500007654";"Refresco";"";"0";"0";"1500";"1";"PET 150cl HERO CASSIS LIGHT [4"
"POS";"8713500007661";"Refresco";"";"0";"0";"1000";"1";"PET 100cl HERO CERISE [4873]"
"POS";"8710871018791";"Refresco";"";"0";"0";"1500";"1";"PET 150cl REAL COOL DRINK"
"POS";"8710406207478";"Refresco";"";"0";"0";"1000";"1";"PET 100cl CASSIS"
"POS";"8710406207454";"Refresco";"";"0";"0";"1500";"1";"PET 150cl REAL AM.COLALIGHT LE"
"POS";"8710406207461";"Refresco";"";"0";"0";"1500";"1";"PET 150cl REAL AM.COLA VANILLE"
"POS";"8714800017794";"Refresco";"";"0";"0";"1500";"1";"PET 150cl HIGHWAY COLA LIGHT"
"POS";"8710406207416";"Refresco";"";"0";"0";"1500";"1";"PET 150cl ICE TEA CITROEN"
"POS";"8710406207423";"Refresco";"";"0";"0";"1500";"1";"PET 150cl ICE TEA CITROEN LIGH"
"POS";"8713500007678";"Refresco";"";"0";"0";"1500";"1";"PET 150cl HERO ORANGE [18640]"
"POS";"8714800017732";"Refresco";"";"0";"0";"1500";"1";"PET 150cl 3-ES SINAS NW"
"POS";"8722700056515";"Refresco";"";"0";"0";"1500";"1";"PET 150cl L.I.T. REG."
"POS";"8722700056522";"Refresco";"";"0";"0";"1500";"1";"PET 150cl L.I.T. LIGHT"
"POS";"8722700133315";"Refresco";"";"0";"0";"1500";"1";"PET 150cl L.I.T. LEMON"
"POS";"8710871018654";"Refresco";"";"0";"0";"1500";"1";"PET 150cl REAL COOL SINAS 6%"
"POS";"8710671090119";"Refresco";"";"0";"0";"1500";"1";"PET 150cl AMERICAN COLA"
"POS";"8710406209564";"Refresco";"";"0";"0";"1500";"1";"PET 150cl CASSIS"
"POS";"8713500007685";"Refresco";"";"0";"0";"1500";"1";"PET 150cl HERO PERL"
"POS";"8710400446378";"Refresco";"";"0";"0";"1500";"1";"PET 150cl IJSTHEE W.DRUIF-HIBI"
"POS";"8726900232601";"Refresco";"";"0";"0";"1500";"1";"PET 150cl COLA"
"POS";"8726900232595";"Refresco";"";"0";"0";"1500";"1";"PET 150cl COLA LIGHT"
"POS";"8726900232588";"Refresco";"";"0";"0";"1500";"1";"PET 150cl ORANGE"
"POS";"8726900232571";"Refresco";"";"0";"0";"1500";"1";"PET 150cl ORANGE LIGHT"
"POS";"8726900232625";"Refresco";"";"0";"0";"1500";"1";"PET 150cl LEMON LIME"
"POS";"8726900232632";"Refresco";"";"0";"0";"1500";"1";"PET 150cl LEMON LIME LIGHT"
"POS";"8710624021023";"Refresco";"";"0";"0";"1500";"1";"PET 150cl FC COLA"
"POS";"8710624020972";"Refresco";"";"0";"0";"1500";"1";"PET 150cl FC COLA LIGHT"
"POS";"8710624020958";"Refresco";"";"0";"0";"1500";"1";"PET 150cl FC COLA LEMON LIGHT"
"POS";"8710624020996";"Refresco";"";"0";"0";"1500";"1";"PET 150cl FC COLA LIGHT CAF.FR"
"POS";"8710400340072";"Refresco";"";"0";"0";"1500";"1";"AH ijsthee citroen 1,5 ltr"
"POS";"8713400027806";"Refresco";"";"0";"0";"1500";"1";"HE bron springwater"
"POS";"8713400022160";"Refresco";"";"0";"0";"1500";"1";"He bron bronwater met klz"
"POS";"8710400340096";"Refresco";"";"0";"0";"1500";"1";"AH ijsthee perzik 1,5 ltr"
"POS";"8722700133681";"Refresco";"";"0";"0";"1500";"1";"LIPTON AGRUME"
"POS";"8710933097559";"Refresco";"";"0";"0";"1500";"1";"O'lacy clear peach"
"POS";"8710933097573";"Refresco";"";"0";"0";"1500";"1";"O'lacy clear lemon"
"POS";"8710847310515";"Refresco";"";"0";"0";"1000";"1";"Lipton Ice tea sparkling"
"POS";"8714800017718";"Refresco";"";"0";"0";"1500";"1";"PET 150cl 3-ES Cola Light"
"POS";"8710406089449";"Refresco";"";"0";"0";"1500";"1";"SdB Zuiver Water kzh "
"POS";"8710406089432";"Refresco";"";"0";"0";"1500";"1";"SdB Zuiver Water kzv "
"POS";"8710871062640";"Refresco";"";"0";"0";"1500";"1";"Natural cool water kzv"
"POS";"8710871062787";"Refresco";"";"0";"0";"1500";"1";"Natural cool water kzh"
"POS";"8713500078234";"Refresco";"";"0";"0";"1500";"1";"Hero pink grapefruit "
"POS";"8714800005623";"Refresco";"";"0";"0";"1000";"1";"Tafelwater Aqua Viva"
"POS";"8713500007999";"Refresco";"";"0";"0";"1250";"1";"Hero Framboise"
"POS";"8710671113955";"Refresco";"";"0";"0";"1500";"1";"Spar American cola 1,5 ltr"
"POS";"8710624000257";"Refresco";"";"0";"0";"1500";"1";"First Choice lemon light"
"POS";"8714800012157";"Refresco";"";"0";"0";"1500";"1";"3 Es cola light"
"POS";"8713500078142";"Refresco";"";"0";"0";"1500";"1";"Crystal Clear sparkling peach "
"POS";"8710406093309";"Refresco";"";"0";"0";"1500";"1";"SdB Cola Black "
"POS";"8710624066109";"Refresco";"";"0";"0";"1500";"1";"First Choice No Sugar"
"POS";"8710624063948";"Topbronnen";"";"0";"0";"1500";"1";"KZV limonade orange 1,5L"
"POS";"8710408129815";"Refresco";"";"0";"0";"1500";"1";"C-1000 Water met Koolzuur"
"POS";"8710408129822";"Refresco";"";"0";"0";"1500";"1";"C-1000 Water zonder Koolzuur"
"POS";"8714800001496";"Refresco";"";"0";"0";"1500";"1";"3 Es sinas"
"POS";"8710933066319";"U.S.D.";"";"0";"0";"1000";"1";"O'Lacy's bronwater"
"POS";"8711442600254";"Vrumona";"";"0";"0";"1500";"1";"Dr Pepper light "
"POS";"8711900004952";"Refresco";"";"0";"0";"1500";"1";"E sinas"
"POS";"8711900004976";"Refresco";"";"0";"0";"1500";"1";"E Lemon Lime"
"POS";"8711900004938";"Refresco";"";"0";"0";"1500";"1";"E cola light"
"POS";"8711900004914";"Refresco";"";"0";"0";"1500";"1";"E cola"
"POS";"3068320048505";"BSB";"";"0";"0";"1500";"1";"Evian 1,5 ltr"
"POS";"8710458013874";"U.S.D.";"";"0";"0";"1500";"1";"Markant cola light"
"POS";"8710458014185";"U.S.D.";"";"0";"0";"1500";"1";"Markant lemon & lime light"
"POS";"8710624071240";"U.S.D.";"";"0";"0";"1500";"1";"Perfekt lemon & lime light"
"POS";"5410033820455";"Refresco";"";"0";"0";"1500";"1";"Lipton Ice Tea sparkling"
"POS";"8710408139173";"Refresco";"";"0";"0";"1500";"1";"C1000 BASIS LEMON"
"POS";"8710408139142";"Refresco";"";"0";"0";"1500";"1";"C1000 BASIS ORANGE"
"POS";"8710408139166";"Refresco";"";"0";"0";"1500";"1";"C1000 BASIS COLA LIGHT"
"POS";"8710408139159";"Refresco";"";"0";"0";"1500";"1";"C1000 BASIS COLA "
"POS";"8710624063962";"Topbronnen";"";"0";"0";"1500";"1";"Deen KZV limonade Lemon "
"POS";"8710406097888";"Topbronnen";"";"0";"0";"1500";"1";"SDB Helder&Fris lemon"
"POS";"8710406097871";"Topbronnen";"";"0";"0";"1500";"1";"SDB Helder&Fris perzik"
"POS";"5449000102379";"Coca-Cola";"";"0";"0";"1500";"1";"Dr. Pepper"
"POS";"5449000044679";"Coca-Cola";"";"0";"0";"1500";"1";"Schweppes tonic"
"POS";"5449000167330";"Coca-Cola";"";"0";"0";"1500";"1";"Schweppes tonic light"
"POS";"5449000044709";"Coca-Cola";"";"0";"0";"1500";"1";"Schweppes bitter lemon"
"POS";"5449000167354";"Coca-Cola";"";"0";"0";"1500";"1";"Schweppes bitter lemon light"
"POS";"5449000085481";"Coca-Cola";"";"0";"0";"1500";"1";"Schweppes ginger ale"
"POS";"5449000167552";"Coca-Cola";"";"0";"0";"1500";"1";"Schweppes tropical fusion"
"POS";"5449000167590";"Coca-Cola";"";"0";"0";"1500";"1";"Schweppes citrus fusion"
"POS";"8713500008002";"Refresco";"";"0";"0";"1250";"1";"Hero Pomme grenade"
"POS";"8710408139531";"Refresco";"";"0";"0";"1500";"1";"C1000 clear lemon"
"POS";"8710408139548";"Refresco";"";"0";"0";"1500";"1";"C1000 Pomegranaat"
"POS";"8710408139449";"Refresco";"";"0";"0";"1500";"1";"C1000 Ice Tea Light"
"POS";"8710408139432";"Refresco";"";"0";"0";"1500";"1";"C1000 Ice Tea Regular"
"POS";"8710408139425";"Refresco";"";"0";"0";"1500";"1";"C1000 Multivitanin"
"POS";"8710408139418";"Refresco";"";"0";"0";"1500";"1";"C1000 Red Orange"
"POS";"8710408139524";"Refresco";"";"0";"0";"1500";"1";"C1000 clear peach"
"POS";"5411118020098";"Topbronnen";"";"0";"0";"1500";"1";"Koningsbronnen KZV 1,5L"
"POS";"8712631818771";"Topbronnen";"";"0";"0";"1500";"1";"Faja Lobi Green Punch 1,5L"
"POS";"8712631817439";"Topbronnen";"";"0";"0";"1500";"1";"Faja Lobi Cherry Bouquet 1,5L"
"POS";"5411118020159";"Topbronnen";"";"0";"0";"1500";"1";"Koningsbronnen KZH 1,5L"
"POS";"8717775812456";"Topbronnen";"";"0";"0";"1500";"1";"Euroshopper Lemon 1,5L"
"POS";"8717775812395";"Topbronnen";"";"0";"0";"1500";"1";"Euroshopper Cola Regular 1,5L"
"POS";"8717775812418";"Topbronnen";"";"0";"0";"1500";"1";"Euroshopper Cola Light 1,5L"
"POS";"8717775812432";"Topbronnen";"";"0";"0";"1500";"1";"Euroshopper Orange 1,5L"
"POS";"8722200950979";"U.S.D.";"";"0";"0";"1000";"1";"Raak siroop Reine Claude"
"POS";"8722200950993";"U.S.D.";"";"0";"0";"1000";"1";"Raak siroop multivruchten"
"POS";"8711715873736";"Refresco";"";"0";"0";"1500";"1";"Jumbo lemon light"
"POS";"8711715872838";"Refresco";"";"0";"0";"1500";"1";"Jumbo clear lemon"
"POS";"8711715873453";"Refresco";"";"0";"0";"1500";"1";"Jumbo cola"
"POS";"8711715873477";"Refresco";"";"0";"0";"1500";"1";"Jumbo cola light"
"POS";"8711715873743";"Refresco";"";"0";"0";"1500";"1";"Jumbo cassis"
"POS";"8711715873644";"Refresco";"";"0";"0";"1500";"1";"Jumbo sinas"
"POS";"8711715873668";"Refresco";"";"0";"0";"1500";"1";"Jumbo sinas light"
"POS";"8711715873729";"Refresco";"";"0";"0";"1500";"1";"Jumbo lemon"
"POS";"8711715872852";"Refresco";"";"0";"0";"1500";"1";"Jumbo clear peach"
"POS";"8718114795133";"Refresco";"";"0";"0";"1500";"1";"Lipton Ice Tea sparkling"
"POS";"8718114798974";"Refresco";"";"0";"0";"1500";"1";"Lipton Ice Lemon light"
"POS";"8718114795317";"Refresco";"";"0";"0";"1500";"1";"Lipton Ice light"
"POS";"8713500008408";"Refresco";"";"0";"0";"1250";"1";"Hero Mandarijn"
"POS";"8710400632634";"Refresco";"";"0";"0";"1500";"1";"AH helder peach"
"POS";"8710400632610";"Refresco";"";"0";"0";"1500";"1";"AH helder lemon"
"POS";"87222906";"U.S.D.";"";"0";"0";"1500";"1";"BLD citroen "
"POS";"8710871086356";"Refresco";"";"0";"0";"1500";"1";"DB clear lemon"
"POS";"8710871086332";"Refresco";"";"0";"0";"1500";"1";"DB clear perzik"
"POS";"8710408150444";"Refresco";"";"0";"0";"1500";"1";"C1000 Basis Cassis light"
"POS";"8710408150505";"Refresco";"";"0";"0";"1500";"1";"C1000 Cola no sugar"
"POS";"8710408150420";"Refresco";"";"0";"0";"1500";"1";"C1000 Basis Cassis"
"POS";"8710871091534";"Topbronnen";"";"0";"0";"1500";"1";"1 De Beste Ice Tea regular"
"POS";"8710871091527";"Topbronnen";"";"0";"0";"1500";"1";"1 De Beste Ice Tea light"
"POS";"8711715867827";"Topbronnen";"";"0";"0";"1500";"1";"Jumbo Ice Tea light"
"POS";"8711715867810";"Topbronnen";"";"0";"0";"1500";"1";"Jumbo Ice Tea regular"
"POS";"8710624076665";"Refresco";"";"0";"0";"1500";"1";"Perfect Clear Citroen "
"POS";"8710458014741";"Refresco";"";"0";"0";"1500";"1";"Markant Clear Perzik"
"POS";"8710624076689";"Refresco";"";"0";"0";"1500";"1";"Perfekt clear perzik"
"POS";"8710458014734";"Refresco";"";"0";"0";"1500";"1";"Markant Clear Lemon"
"POS";"5410013177005";"Spadel";"";"0";"0";"1500";"1";"Spa Fruit Raspberry "
"POS";"5410013177500";"Spadel";"";"0";"0";"1500";"1";"Spa Fruit Pink Grapefruit "
"POS";"8711715888327";"Topbronnen";"";"0";"0";"1500";"1";"Jumbo KZV limonade orange"
"POS";"8712631820552";"Topbronnen";"";"0";"0";"1500";"1";"Faja Lobi Pineapple 1,5L"
"POS";"5411118300060";"Topbronnen";"";"0";"0";"1500";"1";"Helder water 1,5L"
"POS";"8711715888310";"Topbronnen";"";"0";"0";"1500";"1";"Jumbo KZV limonade lemon"
"POS";"8710624992422";"Refresco";"";"0";"0";"1500";"1";"Plus clear perzik "
"POS";"8710624992446";"Refresco";"";"0";"0";"1500";"1";"Plus clear citroen "
"POS";"8715600231595";"Vrumona";"";"0";"0";"1000";"1";"Royal Club Wild Orange"
"POS";"8710624096243";"Refresco";"";"0";"0";"1500";"1";"First Choice Cola lemon light"
"POS";"8713500008507";"Refresco";"";"0";"0";"1250";"1";"HERO POMME GRENADINE"
"POS";"8713500008491";"Refresco";"";"0";"0";"1250";"1";"HERO FRAMBOISE"
"POS";"8001620001899";"Bickery";"";"0";"0";"1500";"1";"San Benedetto Aqua Min Nat "
"POS";"8712566163533";"Refresco";"";"0";"0";"1500";"1";" LIT 26160301 ZERO NL"
"POS";"8712566163656";"Refresco";"";"0";"0";"1500";"1";" LIT 26160501 LEM ZERO NL"
"POS";"8001620001905";"Bickery";"";"0";"0";"1000";"1";"San benedetto frizante"
"POS";"8712566163519";"Refresco";"";"0";"0";"1500";"1";" LIT 16150101 Spark Regular NL"
"POS";"5449000180322";"Coca-Cola";"";"0";"0";"1500";"1";"SCHWEPPES LEMON FUSION"
"POS";"8712631823003";"Topbronnen";"";"0";"0";"1500";"1";"Faja Lobi Orange trafasie"
"POS";"8715600232431";"Vrumona";"";"0";"0";"1500";"1";"Crystal Clear Sparkling Apple"
"POS";"5000112563320";"Coca-Cola";"";"0";"0";"1000";"1";"SCHWEPPES TONIC"
"POS";"5000112563368";"Coca-Cola";"";"0";"0";"1000";"1";"SCHWEPPES BITTER LEMON"
"POS";"8712566158928";"Refresco";"";"0";"0";"1500";"1";"Lipton Ice Tea Regular bruisen"
"POS";"8712566159048";"Refresco";"";"0";"0";"1500";"1";"Lipton ijsthee light"
"POS";"5410013126003";"Spadel";"";"0";"0";"1500";"1";"Spa Reine"
"POS";"5410013115755";"Spadel";"";"0";"0";"1500";"1";"Spa Barisart"
"POS";"8722200952485";"U.S.D.";"";"0";"0";"1500";"1";"Euroshopper Cassis"
"POS";"8713500008996";"Refresco";"";"0";"0";"1250";"1";"Hero Bosvruchten"
"POS";"8713500008989";"Refresco";"";"0";"0";"1250";"1";"Hero Appel Peer"
"POS";"8718375476963";"Refresco";"";"0";"0";"1500";"1";"Jumbo kzv orange"
"POS";"8718375476949";"Refresco";"";"0";"0";"1500";"1";"Jumbo kzv lemon"
"POS";"8711900010540";"Refresco";"";"0";"0";"1500";"1";"E cassis"
"POS";"8710624119362";"Refresco";"";"0";"0";"1500";"1";"DEEN Limonade Lemon"
"POS";"8710624119348";"Refresco";"";"0";"0";"1500";"1";"DEEN Limonade Orange"
"POS";"8710458017346";"Refresco";"";"0";"0";"1500";"1";"MM Clear Cranb. Limoen"
"POS";"8710624115630";"Refresco";"";"0";"0";"1500";"1";"PE Clear Cranb. Limoen"
"POS";"8710624977603";"Refresco";"";"0";"0";"1500";"1";"PM Clear Cranb. Limoen"
"POS";"8710395945054";"Refresco";"";"0";"0";"1500";"1";"KC Fris Zw. Bes 74000558"
"POS";"8710395945092";"Refresco";"";"0";"0";"1500";"1";"KC Fris Framb 74000557"
"POS";"8710395945078";"Refresco";"";"0";"0";"1500";"1";"KC Fris Sinas 74000563"
"POS";"8718265413382";"Topbronnen";"";"0";"0";"1500";"1";"ES Cola"
"POS";"8718265413405";"Topbronnen";"";"0";"0";"1500";"1";"ES Cola light"
"POS";"8718265431034";"Topbronnen";"";"0";"0";"1500";"1";"ES Lemon"
"POS";"8718265431003";"Topbronnen";"";"0";"0";"1500";"1";"ES Orange"
"POS";"8718265413351";"U.S.D.";"";"0";"0";"1500";"1";"AH cola regular"
"POS";"8718265413344";"U.S.D.";"";"0";"0";"1500";"1";"AH cola regular"
"POS";"8718265413375";"U.S.D.";"";"0";"0";"1500";"1";"AH cola light"
"POS";"8718265413368";"U.S.D.";"";"0";"0";"1500";"1";"AH cola light"
"POS";"8718265413429";"U.S.D.";"";"0";"0";"1500";"1";"AH sinas regular"
"POS";"8718265413443";"U.S.D.";"";"0";"0";"1500";"1";"AH sinas light"
"POS";"8718265413467";"Refresco";"";"0";"0";"1500";"1";"water"
"POS";"8718265413481";"Refresco";"";"0";"0";"1500";"1";"water KZH"
"POS";"8718265413504";"Refresco";"";"0";"0";"1500";"1";"water sprankelend"
"POS";"8710624122690";"Topbronnen";"";"0";"0";"1500";"1";"Perfekt Bronwater KZV"
"POS";"8710624122676";"Topbronnen";"";"0";"0";"1500";"1";"Perfekt Bronwater KZH"
"POS";"8710458017650";"Topbronnen";"";"0";"0";"1500";"1";"Markant Bronwater KZV"
"POS";"8710458017667";"Topbronnen";"";"0";"0";"1500";"1";"Markant Bronwater KZH"
"POS";"8710624956516";"Topbronnen";"";"0";"0";"1500";"1";"Plus Bronwater KZV"
"POS";"8710624956493";"Topbronnen";"";"0";"0";"1500";"1";"Plus Bronwater KZH"
"POS";"5000112589535";"Coca-Cola";"";"0";"0";"1500";"1";"SCHWEPPES APPLE LIME FUSION RE"
"POS";"8715600233643";"Vrumona";"";"0";"0";"1500";"1";"7UP Orange (GP2830)"
"POS";"8713300045412";"Refresco";"";"0";"0";"1500";"1";"Appelsientje citroen limoen"
"POS";"8713300045429";"Refresco";"";"0";"0";"1500";"1";"Appelsientje sinaasappel less "
"POS";"8713300045405";"Refresco";"";"0";"0";"1500";"1";"Appelsientje appel troebel"
"POS";"8713300045399";"Refresco";"";"0";"0";"1500";"1";"Appelsientje sinaasappel"
"POS";"8713300045702";"Refresco";"";"0";"0";"1500";"1";"Dubbelfrisss appel-perzik"
"POS";"8713300045719";"Refresco";"";"0";"0";"1500";"1";"Dubbelfrisss frambooscranberry"
"POS";"5410013118305";"Spadel";"";"0";"0";"2000";"1";"Spa Reine"
"POS";"5410013107279";"Spadel";"";"0";"0";"1000";"1";"Spa Reine"
"POS";"5410013114604";"Spadel";"";"0";"0";"1000";"1";"Spa barisart"
"POS";"5410013134039";"Spadel";"";"0";"0";"1000";"1";"Spa Marie-Henriette"
"POS";"8712566394609";"Refresco";"";"0";"0";"1500";"1";"Lipton Ice Tea sparkling"
"POS";"8712566394531";"Refresco";"";"0";"0";"1500";"1";"Lipton Ice Tea Zero"
"POS";"8713300045856";"Refresco";"";"0";"0";"1500";"1";"Dubbelfrisss Appel -Perzik"
"POS";"5410013124207";"Spadel";"";"0";"0";"1250";"1";"Spa citron 100% natuurlijk"
"POS";"8712566394494";"Refresco";"";"0";"0";"1500";"1";"Lipton Icetea zero sugar lemom"
"POS";"8715600233674";"Vrumona";"";"0";"0";"1500";"1";"Crystal Clear Cranberry Vlierb"
"POS";"8715600233698";"Vrumona";"";"0";"0";"1500";"1";"Crystal Clear Appel Jasmijn "
"POS";"8713300045863";"Refresco";"";"0";"0";"1500";"1";"Dubbelfrisss Framboos-Cranberr"
"POS";"8715600234053";"Vrumona";"";"0";"0";"1500";"1";"Sourcy citron"
"POS";"8715600233919";"Vrumona";"";"0";"0";"1000";"1";"Royal Club Fresh Citrus"
"POS";"8717775816690";"Topbronnen";"";"0";"0";"1500";"1";"ES KZV water"
"POS";"8718265544284";"U.S.D.";"";"0";"0";"1500";"1";"Cola Stevia"
"POS";"8718265545083";"U.S.D.";"";"0";"0";"1500";"1";"Sinas Stevia"
"POS";"8711900010977";"Refresco";"";"0";"0";"1500";"1";"Wicky fruitfris sinaasappelsap"
"POS";"8711900010854";"Refresco";"";"0";"0";"1500";"1";"Wicky fruitfris aardbei"
"POS";"8711900010830";"Refresco";"";"0";"0";"1500";"1";"Wicky fruitfris appel"
"POS";"8710408193854";"Refresco";"";"0";"0";"1500";"1";"C1000 cola CV  "
"POS";"8710458017896";"Refresco";"";"0";"0";"1500";"1";"Markant water & fruit appel "
"POS";"8710624126919";"Refresco";"";"0";"0";"1500";"1";"Perfekt water & fruit appel"
"POS";"8710458017902";"Refresco";"";"0";"0";"1500";"1";"Markant water & fruit citroen"
"POS";"8710624126933";"Refresco";"";"0";"0";"1500";"1";"Perfekt water & fruit citroen"
"POS";"8710458018015";"Refresco";"";"0";"0";"1500";"1";"Markant water & fruit citroen"
"POS";"8710624126957";"Refresco";"";"0";"0";"1500";"1";"Perfekt water & fruit citroen-"
"POS";"8710458017889";"Refresco";"";"0";"0";"1500";"1";"Markant water & fruit orange "
"POS";"8710624126896";"Refresco";"";"0";"0";"1500";"1";"Perfekt water & fruit orange"
"POS";"8710624131463";"Refresco";"";"0";"0";"1500";"1";"limonade kzv orange"
"POS";"8710624131487";"Refresco";"";"0";"0";"1500";"1";"limonade kzv lemon"
"POS";"8718104460324";"Dalphin";"";"0";"0";"1500";"1";"SprinQler Sinaasappel-Mango"
"POS";"8718104460287";"Dalphin";"";"0";"0";"1500";"1";"SprinQler Appel-Peer"
"POS";"3068320040103";"BSB";"";"0";"0";"1500";"1";"Evian "
"POS";"3068320080000";"BSB";"";"0";"0";"1000";"1";"Evian"
"POS";"5400151002789";"Topbronnen";"";"0";"0";"1500";"1";"ARO KZV water"
"POS";"5400151001218";"Topbronnen";"";"0";"0";"1500";"1";"ARO KZH water"
"POS";"8715600232455";"Vrumona";"";"0";"0";"1500";"1";"Crystal Clear Grapefruit"
"POS";"8718449020252";"Refresco";"";"0";"0";"1500";"1";"Jumbo water KZV"
"POS";"8718449020276";"Refresco";"";"0";"0";"1500";"1";"Jumbo water sprankelend"
"POS";"8718449020269";"Refresco";"";"0";"0";"1500";"1";"Jumbo water KZH"
"POS";"8718449028432";"Refresco";"";"0";"0";"1500";"1";"Jumbo ice tea regular"
"POS";"8718449028449";"Refresco";"";"0";"0";"1500";"1";"Jumbo ice tea zero"
"POS";"8718546668036";"Refresco";"";"0";"0";"1000";"1";"Marie Stelle Maris"
"POS";"8710624101800";"Refresco";"";"0";"0";"1500";"1";"Plus Water & Fruit lemoncactus"
"POS";"8710624101787";"Refresco";"";"0";"0";"1500";"1";"Plus Water & Fruit citroen"
"POS";"8715600234329";"Vrumona";"";"0";"0";"1500";"1";"SY HSODA AP/FRAM"
"POS";"8715600234428";"Vrumona";"";"0";"0";"1500";"1";"SY Holy Soda peer/perzik"
"POS";"8715600234466";"Vrumona";"";"0";"0";"1500";"1";"SY HSODA AP/CRANB"
"POS";"5000112598162";"Coca-Cola";"";"0";"0";"2000";"1";"SPRITE REC."
"POS";"8710624155803";"U.S.D.";"";"0";"0";"1500";"1";"OKE cola"
"POS";"8710624155766";"U.S.D.";"";"0";"0";"1500";"1";"OKE orange"
"POS";"8710624155780";"U.S.D.";"";"0";"0";"1500";"1";"OKE Lemon & Lime"
"POS";"8710624155827";"U.S.D.";"";"0";"0";"1500";"1";"OKE cola light"
"POS";"8711576146482";"Dalphin";"";"0";"0";"1500";"1";"ARO mineraalwater bruisend"
"POS";"8711576146468";"Dalphin";"";"0";"0";"1500";"1";"ARO mineraalwater koolzuurvrij"
"POS";"5449000189158";"Coca-Cola";"";"0";"0";"1000";"1";"NESTEA LEMON SPARKLING"
"POS";"5000112602463";"Coca-Cola";"";"0";"0";"1250";"1";"Coca-Cola"
"POS";"5000112602470";"Coca-Cola";"";"0";"0";"1250";"1";"Coke light"
"POS";"8718546667039";"Refresco";"";"0";"0";"1000";"1";"Marie Stella Maris KZH"
"POS";"8717775816157";"Topbronnen";"";"0";"0";"1500";"1";"Euroshopper KZH water"
"POS";"8713300047584";"Refresco";"";"0";"0";"1500";"1";" FC AS Sprank Rd Vru 4758"
"POS";"5411871001914";"Infra Food";"";"0";"0";"1500";"1";"Limondaine lemon"
"POS";"5411871001921";"Infra Food";"";"0";"0";"1500";"1";"Limondaine sinas"
"POS";"5411871009866";"Infra Food";"";"0";"0";"1500";"1";"Limondaine fruit zwarte bes/ap"
"POS";"5411871009897";"Infra Food";"";"0";"0";"1500";"1";"Limondaine fruit appel/citrus"
"POS";"5411871010138";"Infra Food";"";"0";"0";"1500";"1";"Limondaine light orange"
"POS";"5411871010169";"Infra Food";"";"0";"0";"1500";"1";"Limondaine light lemon"
"POS";"4250155405120";"Bickery";"";"0";"0";"1500";"1";"Punica Multivitamine "
"POS";"4250155405168";"Bickery";"";"0";"0";"1500";"1";"Punica Tropical"
"POS";"8715600234527";"Vrumona";"";"0";"0";"1500";"1";"Sisi nb Strawberry"
"POS";"8718265761308";"Topbronnen";"";"0";"0";"1500";"1";"AH Basic KZV water"
"POS";"8711576146741";"Dalphin";"";"0";"0";"1500";"1";"ARO frisdrank Orange"
"POS";"8711576146680";"Dalphin";"";"0";"0";"1500";"1";"ARO frisdrank Cola"
"POS";"8711576146727";"Dalphin";"";"0";"0";"1500";"1";"ARO frisdrank Lemon"
"POS";"8718265745681";"U.S.D.";"";"0";"0";"1500";"1";"AH Basic casis"
"POS";"8710624165949";"U.S.D.";"";"0";"0";"1500";"1";"Perfekt drink light"
"POS";"8710624165826";"U.S.D.";"";"0";"0";"1500";"1";"Perfekt cassis"
"POS";"8710624165888";"U.S.D.";"";"0";"0";"1500";"1";"Perfekt cola light"
"POS";"8710624166007";"U.S.D.";"";"0";"0";"1500";"1";"Perfekt sinas light"
"POS";"8710624165925";"U.S.D.";"";"0";"0";"1500";"1";"Perfektdrink"
"POS";"8710624165963";"U.S.D.";"";"0";"0";"1500";"1";"Perfekt sinas"
"POS";"8710624165840";"U.S.D.";"";"0";"0";"1500";"1";"Perfekt cola"
"POS";"5000112606928";"Coca-Cola";"";"0";"0";"1500";"1";"FANTA RASPBERRY PASSIONFRUIT"
"POS";"8710642024402";"Coca-Cola";"";"0";"0";"1000";"1";"FERNANDES PINK MELON"
"POS";"5000112524437";"Coca-Cola";"";"0";"0";"1000";"1";"SCHWEPPES BITTER LEMON LIGHT"
"POS";"5000112588156";"Coca-Cola";"";"0";"0";"1000";"1";"SCHWEPPES GINGER ALE"
"POS";"8715600234800";"Vrumona";"";"0";"0";"1500";"1";"Pepsi Next "
"POS";"5410013148203";"Spadel";"";"0";"0";"1500";"1";"Spa fruit citrus"
"POS";"8718449071278";"Topbronnen";"";"0";"0";"1500";"1";"Jumbo W&F Appel"
"POS";"8718449071292";"Topbronnen";"";"0";"0";"1500";"1";"Jumbo W&F Lemon Cactus"
"POS";"8718449071315";"Topbronnen";"";"0";"0";"1500";"1";"Jumbo W&F Orange Passion"
"POS";"8718449088337";"Topbronnen";"";"0";"0";"1500";"1";"Jumbo W&F Orange"
"POS";"8718796110668";"Topbronnen";"";"0";"0";"1500";"1";"AH Basic Cassis"
"POS";"8718796029236";"Topbronnen";"";"0";"0";"1500";"1";"AH basic sparkling water"
"POS";"8712566472574";"Refresco";"";"0";"0";"1000";"1";"Lipton Ice Tea"
"POS";"8718265810433";"Topbronnen";"";"0";"0";"1500";"1";"AH Basic Cola"
"POS";"8718265810440";"Topbronnen";"";"0";"0";"1500";"1";"AH Basic Cola light"
"POS";"8718265811089";"Topbronnen";"";"0";"0";"1500";"1";"AH Basic Lemon"
"POS";"8718265811096";"Topbronnen";"";"0";"0";"1500";"1";"AH Basic Orange"
"POS";"8718449092051";"Topbronnen";"";"0";"0";"1500";"1";"Jumbo Summerfruit Agrume"
"POS";"8718449092075";"Topbronnen";"";"0";"0";"1500";"1";"Jumbo Summerfruit Pink Grapefr"
"POS";"8718449092068";"Topbronnen";"";"0";"0";"1500";"1";"Jumbo Summerfruit Cloudy Lemon"
"POS";"87328103";"U.S.D.";"";"0";"0";"1500";"1";"Bar LeDuc water met frambozen"
"POS";"87328097";"U.S.D.";"";"0";"0";"1500";"1";"Bar Le Duc water Granny Smith"
"POS";"8710871134088";"Refresco";"";"0";"0";"1500";"1";"1 De Beste Clear Cra/Lim"
"POS";"5410013184003";"Spadel";"";"0";"0";"1500";"1";"Spa Fruit Grenadine"
"POS";"5000112608588";"Coca-Cola";"";"0";"0";"1500";"1";"Coca-Cola Life"
"POS";"8710458024986";"Refresco";"";"0";"0";"1500";"1";"Markant clear perzik"
"POS";"8710408112152";"Refresco";"";"0";"0";"1500";"1";"C-1000 Cola"
"POS";"8710408112169";"Refresco";"";"0";"0";"1500";"1";"C1000 Cola Light"
"POS";"8710408112176";"Refresco";"";"0";"0";"1500";"1";"C-1000 Sinas"
"POS";"8710408112183";"Refresco";"";"0";"0";"1500";"1";"C-1000 Sinas Light"
"POS";"8710408112190";"Refresco";"";"0";"0";"1500";"1";"C-1000 Casis"
"POS";"8710408112206";"Refresco";"";"0";"0";"1500";"1";"C-1000 Drink"
"POS";"8710408112213";"Refresco";"";"0";"0";"1500";"1";"C-1000 Drink Light"
"POS";"8715600236187";"Vrumona";"";"0";"0";"1500";"1";"Crystal Clear Sparkl Lem cactu"
"POS";"5000112609417";"Coca-Cola";"";"0";"0";"1250";"1";"Coca-Cola zero"
"POS";"8710624155841";"U.S.D.";"";"0";"0";"1500";"1";"Oke cassis"
"POS";"8710624179519";"Refresco";"";"0";"0";"1500";"1";"Perfect clear citroen"
"POS";"87331066";"U.S.D.";"";"0";"0";"1500";"1";"RAAK Cherry apple"
"POS";"87331035";"U.S.D.";"";"0";"0";"1500";"1";"RAAK Orange Mango"
"POS";"87331059";"U.S.D.";"";"0";"0";"1500";"1";"RAAK Tropicall"
"POS";"8718449077867";"Refresco";"";"0";"0";"1500";"1";"Jumbo Helder citroen"
"POS";"8718449077874";"Refresco";"";"0";"0";"1500";"1";"Jumbo Helder Perzik"
"POS";"5410013120865";"Spadel";"";"0";"0";"1500";"1";"Spa Citron"
"POS";"8710624179496";"Refresco";"";"0";"0";"1500";"1";"Perfekt Clear perzik"
"POS";"8710624179892";"Refresco";"";"0";"0";"1500";"1";"perfekt clear cranberry limoen"
"POS";"8710458025006";"Refresco";"";"0";"0";"1500";"1";"markant clear citroen"
"POS";"8710458025051";"Refresco";"";"0";"0";"1500";"1";"markant clear cranberry limoen"
"POS";"8710624189525";"Topbronnen";"";"0";"0";"1500";"1";"Perfekt Ice tea regular"
"POS";"8710458027871";"Topbronnen";"";"0";"0";"1500";"1";"Markant Ice tea regular"
"POS";"8710871155649";"Topbronnen";"";"0";"0";"1500";"1";"Natural Cool KZV water"
"POS";"8710871155663";"Topbronnen";"";"0";"0";"1500";"1";"Natural Cool KZH water"
"POS";"8718452106530";"Refresco";"";"0";"0";"1500";"1";"Jumbo bruisend water + citroen"
"POS";"8718452104307";"Refresco";"";"0";"0";"1500";"1";"Jumbo ijsthee met koolzuur "
"POS";"8718452104314";"Refresco";"";"0";"0";"1500";"1";"Jumbo ijsthee zero met koolzuu"
"POS";"8710624194055";"Refresco";"";"0";"0";"1500";"1";"First Choice met STEVIA"
"POS";"8718452106547";"Refresco";"";"0";"0";"1500";"1";"Jumbo cola authentic taste"
"POS";"8718452104529";"Refresco";"";"0";"0";"1500";"1";"jumbo fresh lemon drink"
"POS";"8718452106585";"Refresco";"";"0";"0";"1500";"1";"Jumbo helder kers"
"POS";"8718452104383";"Refresco";"";"0";"0";"1500";"1";"Jumbo Sinas Fresh&Fruiti Taste"
"POS";"8718906183643";"Refresco";"";"0";"0";"1500";"1";"AH BRUISEND WATER KOMKOMMER"
"POS";"8710442436689";"Refresco";"";"0";"0";"1500";"1";"Spar Cola"
"POS";"8718452104550";"Refresco";"";"0";"0";"1500";"1";"Jumbo Cassis Regular"
"POS";"8722200953659";"U.S.D.";"";"0";"0";"1250";"1";"Bld fruitwater Berries&Guarana"
"POS";"8722200953635";"U.S.D.";"";"0";"0";"1250";"1";"Bld fruitwater lemon&mint"
"POS";"5410013184102";"Spadel";"";"0";"0";"1250";"1";"SPA GRENADINE"
"POS";"5410013156529";"Spadel";"";"0";"0";"1000";"1";"Spa Touch Of Peach"
"POS";"5000112615623";"Coca-Cola";"";"0";"0";"1500";"1";"FANTA PINEAPPLE LEMON"
"POS";"4250155406356";"Bickery";"";"0";"0";"1250";"1";"Multivitamin "
"POS";"4250155406431";"Bickery";"";"0";"0";"1250";"1";"tropical fruits"
"POS";"5000112618730";"Coca-Cola";"";"0";"0";"1000";"1";"COCA-COLA LIFE"
"POS";"5000112617221";"Coca-Cola";"";"0";"0";"1500";"1";"SPRITE MUNT"
"POS";"8712100834288";"Unilever";"";"0";"0";"1000";"1";"Lipton RTD Green"
"POS";"8710908947544";"Unilever";"";"0";"0";"1000";"1";"Pure Leaf RTD Lemon"
"POS";"8710908947759";"Unilever";"";"0";"0";"1000";"1";"Pure Leaf RTD Mint"
"POS";"8717953101518";"Earthwater";"";"0";"0";"1000";"1";"Earthwater still"
"POS";"8717953101525";"Earthwater";"";"0";"0";"1000";"1";"Earthwater sparkling"
"POS";"8712100720499";"Unilever";"";"0";"0";"1500";"1";"Lipton RTD Green"
"POS";"87332889";"Vrumona";"";"0";"0";"1000";"1";"Sourcy Rood Munt"
"POS";"8718265761315";"Dalphin";"";"0";"0";"1500";"1";"AH Basic water still"
"POS";"8710624204549";"Topbronnen";"";"0";"0";"1500";"1";"Markant Licht bruisend Water"
"POS";"8710624671976";"Topbronnen";"";"0";"0";"1500";"1";"Plus Licht Bruisend Water"
"POS";"8710624204570";"Topbronnen";"";"0";"0";"1500";"1";"Pefekt Licht Bruisend Water"
"POS";"5410013305002";"Spadel";"20160801000000";"0";"0";"1250";"1";"BRU bruisend"
"POS";"4250155406578";"Bickery";"20160727000000";"0";"0";"1250";"1";"Punica Multivitamine"
"POS";"4250155406592";"Bickery";"20160727000000";"0";"0";"1250";"1";"Punica Tropical Fruits"
"POS";"8719189134193";"Refresco";"20160807000000";"0";"0";"1500";"1";"Pickwick Green Tea Citrus licht bru"
"POS";"8719189134209";"Refresco";"20160808000000";"0";"0";"1500";"1";"Pickwick Green Tea Peach licht bru"
"POS";"5000112620832";"Coca-Cola";"20160901000000";"0";"0";"1500";"1";"FANTA APPLE SOUR CHERRY"
"POS";"8711900014289";"Refresco";"20160907000000";"0";"0";"1500";"1";"HÃ©bron Water Citroen"
"POS";"8711900014265";"Refresco";"20160907000000";"0";"0";"1500";"1";"HÃ©bron Water Munt"
"POS";"8718906418424";"Refresco";"20160907000000";"0";"0";"1500";"1";"Bruisend water met aardbei/munt"
"POS";"031200467386";"Granfood";"20161001000000";"0";"0";"1000";"1";"Cranberry & Raspberry Sparkling"
"POS";"031200467379";"Granfood";"20161001000000";"0";"0";"1000";"1";"Cranberry Sparkling"
"POS";"23080669";"Refresco";"20160929000000";"0";"0";"1500";"1";"River frisdr met kruidensmaak"
"POS";"8718226322906";"Infra Food";"20160929000000";"0";"0";"1500";"1";"Limondaine mangopassion"
"POS";"8712100878701";"Refresco";"20161018000000";"0";"0";"1500";"1";"Lipton Ice Tea sparkling Agrumes"
"POS";"8715600237931";"Vrumona";"20161103000000";"0";"0";"1500";"1";"SiSi Exotic No Bubbles"
"POS";"031200458162";"Granfood";"20161116000000";"0";"0";"1000";"1";"Ocean Spray Cranberry & Cherry"
"POS";"031200458179";"Granfood";"20161116000000";"0";"0";"1000";"1";"Ocean Spray Cranberry & Cherry"
"POS";"5410188032789";"Vrumona";"20170227000000";"0";"0";"1000";"1";"SEVEN UP LL Grapef"
"POS";"5410188032765";"Vrumona";"20170227000000";"0";"0";"1000";"1";"SEVEN UP LL Origin"
"POS";"5410188032802";"Vrumona";"20170227000000";"0";"0";"1000";"1";"SEVEN UP LL Wpeach"
"POS";"8718858611287";"Charlie's Natural";"20170305000000";"0";"0";"1000";"1";"Charlie's Pomegranate & Orange"
"POS";"8714100612743";"Unilever";"20170213000000";"0";"0";"1500";"1";"LIPTON RTD ORIG GREEN PURE"
"POS";"8714100607039";"Unilever";"20170213000000";"0";"0";"1500";"1";"LIPTON RTD GR MINT LIME"
"POS";"8712566159345";"Unilever";"20170102000000";"0";"0";"1500";"1";"LIPTON RTD green lemon"
"POS";"8717399840699";"AKOM";"20170417000000";"0";"0";"1500";"1";"Aqua Twist bruis minwater citroen"
"POS";"8717399840712";"AKOM";"20170417000000";"0";"0";"1500";"1";"Aqua Twist bruis mineraalwater munt"
"POS";"8710624739003";"AKOM";"20170417000000";"0";"0";"1500";"1";"Plus bruisend water citroen"
"POS";"8710624739027";"AKOM";"20170417000000";"0";"0";"1500";"1";"Plus bruisend water munt"
"POS";"5000112623482";"Coca-Cola";"20170227000000";"0";"0";"1500";"1";"SPRITE MUNT REFRESH"
"POS";"5449000229366";"Coca-Cola";"20170227000000";"0";"0";"1500";"1";"SPRITE CRANBERRY REFRESH"
"POS";"8714100612897";"Unilever";"20170322000000";"0";"0";"1500";"1";"Lipton Sparkling Ice Tea"
"POS";"8714100615485";"Unilever";"20170322000000";"0";"0";"1000";"1";"Lipton Sparkling Ice Tea"
"POS";"8714100615898";"Unilever";"20170322000000";"0";"0";"2000";"1";"Lipton Sparkling Ice Tea"
"POS";"8714100616581";"Unilever";"20170322000000";"0";"0";"2000";"1";"LIPTON GREEN ICE TEA"
"POS";"87338232";"Vrumona";"20170327000000";"0";"0";"1000";"1";"Sourcy grapefruit sprankelend"
"POS";"87338249";"Vrumona";"20170327000000";"0";"0";"1000";"1";"Sourcy komkommer sprankelend"
"POS";"87338270";"Vrumona";"20170327000000";"0";"0";"1000";"1";"Sourcy Fruit Grapefruit Guave"
"POS";"5449000226891";"Coca-Cola";"20170330000000";"0";"0";"1000";"1";"FINLEY GRAPEFRUIT BLOOD ORANGE"
"POS";"5449000226877";"Coca-Cola";"20170330000000";"0";"0";"1000";"1";"FINLEY ORANGE CRANBERRY"
"POS";"5449000226884";"Coca-Cola";"20170330000000";"0";"0";"1000";"1";"FINLEY LEMON ELDERFLOWER"
"POS";"5449000228857";"Coca-Cola";"20170330000000";"0";"0";"1000";"1";"CHAUDFONTAINE FUSION POMPELM&CRANB"
"POS";"8718452206919";"Refresco";"20170522000000";"0";"0";"1500";"1";"Jumbo sinas"
"POS";"8718452206957";"Refresco";"20170522000000";"0";"0";"1500";"1";"Jumbo lemon"
"POS";"8718452210947";"Refresco";"20170927000000";"0";"0";"1500";"1";"Jumbo Ice tea org kzh"
"POS";"8715600239102";"Vrumona";"20171010000000";"0";"0";"1500";"1";"Pepsi Max cherry zero"
"POS";"5000112630718";"Coca-Cola";"20171128000000";"0";"0";"1500";"1";"FINLEY LEMON ELDERFLOWER"
"POS";"5000112630701";"Coca-Cola";"20171128000000";"0";"0";"1000";"1";"FINLEY BLOOD ORANGE GRAPEFRUIT"
"POS";"5000112630725";"Coca-Cola";"20171128000000";"0";"0";"1000";"1";"FINLEY ORANGE CRANBERRY"
"POS";"5000112630282";"Coca-Cola";"20171128000000";"0";"0";"1500";"1";"CHAUDFONTAINE LIGHT SPARKLING"
"POS";"8715600239430";"Vrumona";"20171215000000";"0";"0";"1000";"1";"SiSi No Bubbles Peach"
"POS";"3595800901079";"Orangina";"20180101000000";"0";"0";"1500";"1";"Orangina Regular"
"POS";"3595800901086";"Orangina";"20180101000000";"0";"0";"1500";"1";"Orangina Light"
"POS";"3249760011315";"Orangina";"20180101000000";"0";"0";"1500";"1";"Orangina light"
"POS";"3249760000654";"Orangina";"20180101000000";"0";"0";"1500";"1";"Orangina Et Sa Pulpe"
"POS";"8710296141401";"Orangina";"20180101000000";"0";"0";"1500";"1";"Orangina vruchtvlees Rouge"
"POS";"8714100873229";"Unilever";"20180103000000";"0";"0";"2000";"1";"Lipton Ice Tea Peach"
"POS";"8714100813515";"Unilever";"20180103000000";"0";"0";"2000";"1";"Lipton Lemon Ice Tea"
"POS";"8714100800539";"Unilever";"20180103000000";"0";"0";"2000";"1";"Lipton Peach Ice Tea"
"POS";"8712100720451";"Unilever";"20180103000000";"0";"0";"2000";"1";"Lipton RTD Sparkling ice tea"
"POS";"8714100288221";"Unilever";"20180103000000";"0";"0";"2000";"1";"Lipton Green Ice Tea"
"POS";"5410013126386";"Spadel";"20180219000000";"0";"0";"1500";"1";"Spa Reine"
"POS";"8714100896280";"Unilever";"20180130000000";"0";"0";"1000";"1";"Lipton Ice Tea Matcha Gr Cucumber M"
"POS";"8714100896297";"Unilever";"20180130000000";"0";"0";"1000";"1";"Lipton Ice Tea Matcha Gr Ginger Lem"
"POS";"8714100896334";"Unilever";"20180130000000";"0";"0";"1000";"1";"Lipton Ice Tea Simply Honey Peach N"
"POS";"8714100896341";"Unilever";"20180130000000";"0";"0";"1000";"1";"Lipton Ice Tea Simply Plain Honey"
"POS";"8713500011828";"Refresco";"20180418000000";"0";"0";"1250";"1";"Hero Fruit&Tea Bes-Druif"
"POS";"8713500011811";"Refresco";"20180419000000";"0";"0";"1250";"1";"Hero Fruit&Tea Appel-Citroen"
"POS";"8713500011637";"Refresco";"20180419000000";"0";"0";"1250";"1";"Hero Fruit&Water Bes-Limoen"
"POS";"8713500011620";"Refresco";"20180419000000";"0";"0";"1250";"1";"Hero Fruit&Water Druif-Citroen"
"POS";"8713500011613";"Refresco";"20180419000000";"0";"0";"1250";"1";"Hero Fruit&Water Peer-Framboos"
"POS";"5449000223616";"Coca-Cola";"20180507000000";"0";"0";"1500";"1";"SPRITE REFRESH CUCUMBER"
"POS";"5000112634556";"Coca-Cola";"20180501000000";"0";"0";"1000";"1";"FINLEY MOJITO"
"POS";"8713300075440";"Riedel";"20180521000000";"0";"0";"1250";"1";"DF Bruisend Bronwater Aardb-Framb"
"POS";"8713300075457";"Riedel";"20180521000000";"0";"0";"1250";"1";"DF Bruisend Bronwater Appel-Perzik"
"POS";"8713300075464";"Riedel";"20180521000000";"0";"0";"1250";"1";"DF Bruisend Bronwater Citr-Limoen"
"POS";"8718906827974";"Topbronnen";"20180601000000";"0";"0";"1500";"1";"Ah Bruisend Water Groene Thee"
"POS";"8718906827950";"Topbronnen";"20180601000000";"0";"0";"1500";"1";"Ah Bruisend Water Groene Thee Citr"
"POS";"8710624263591";"Dalphin";"20180612000000";"0";"0";"1500";"1";"G'woon min water kzv             NL"
"POS";"8710624263607";"Dalphin";"20180612000000";"0";"0";"1500";"1";"G'woon min lwater kzh            NL"
"POS";"8710624263614";"Dalphin";"20180612000000";"0";"0";"1500";"1";"G'woon min water medium kz       NL"
"POS";"8710624263522";"Dalphin";"20180612000000";"0";"0";"1500";"1";"G'woon min water kzh munt        NL"
"POS";"8710624263539";"Dalphin";"20180612000000";"0";"0";"1500";"1";"G'woon min water kzh bosbes      NL"
"POS";"8710624263546";"Dalphin";"20180612000000";"0";"0";"1500";"1";"G'woon min water kzh framboos    NL"
"POS";"8710624489823";"Dalphin";"20180612000000";"0";"0";"1500";"1";"PLUS min water kzv               NL"
"POS";"8710624489854";"Dalphin";"20180612000000";"0";"0";"1500";"1";"PLUS min water kzh               NL"
"POS";"8710624489885";"Dalphin";"20180612000000";"0";"0";"1500";"1";"PLUS min water medium kz         NL"
"POS";"8710624489700";"Dalphin";"20180612000000";"0";"0";"1500";"1";"PLUS min water kzh citroen       NL"
"POS";"8710624489724";"Dalphin";"20180612000000";"0";"0";"1500";"1";"PLUS min water kzh munt          NL"
"POS";"8710624489748";"Dalphin";"20180612000000";"0";"0";"1500";"1";"PLUS min water kzh framboos      NL"
"POS";"8710871170246";"Dalphin";"20180612000000";"0";"0";"1500";"1";"Natural Cool min water kzv       NL"
"POS";"8710871170260";"Dalphin";"20180612000000";"0";"0";"1500";"1";"Natural Cool min water kzh       NL"
"POS";"8710871170208";"Dalphin";"20180612000000";"0";"0";"1500";"1";"1 de Beste min water kzh citr    NL"
"POS";"8710871170222";"Dalphin";"20180612000000";"0";"0";"1500";"1";"1 de Beste min water kzh munt    NL"
"POS";"8710624263515";"Dalphin";"20180710000000";"0";"0";"1500";"1";"G'woon min water kzh citroen     NL"
"POS";"8717399840293";"AKOM";"20181231000000";"0";"0";"1500";"1";"Penaqua"
"POS";"8717399840316";"AKOM";"20190110000000";"0";"0";"1500";"1";"Penaqua Classic"
"POS";"8722200960619";"U.S.D.";"20190221000000";"0";"0";"1500";"1";"Raak Clear Cola"
"POS";"8722200960626";"U.S.D.";"20190221000000";"0";"0";"1500";"1";"Raak Clear Orange"
"POS";"8722200960633";"U.S.D.";"20190221000000";"0";"0";"1500";"1";"Raak Clear Lemon"
"POS";"8710871199285";"Dalphin";"20190417000000";"0";"0";"1500";"1";"1 de Beste min water klzh bosbes NL"
"POS";"8710871199537";"Dalphin";"20190417000000";"0";"0";"1500";"1";"1 de Beste min water kzh framb   NL"
"POS";"8710624452506";"Dalphin";"20190417000000";"0";"0";"1500";"1";"PLUS min water kzh bosbes        NL"
"POS";"8717399841658";"AKOM";"20191003000000";"0";"0";"1500";"1";"Sun D'Or natural water"
"POS";"8717399841665";"AKOM";"20191003000000";"0";"0";"1500";"1";"Sun d'or mineraalwater"
"POS";"8710871209526";"U.S.D.";"20191209000000";"0";"0";"1500";"1";"1 De beste Cola regular"
"POS";"8710871209502";"U.S.D.";"20191209000000";"0";"0";"1500";"1";"1 De beste Sinas regular"
"POS";"8710871209441";"U.S.D.";"20191209000000";"0";"0";"1500";"1";"1 De beste Lemon Drink"
"POS";"8710871209403";"U.S.D.";"20191209000000";"0";"0";"1500";"1";"1 De beste Cassis"
"POS";"8710871209427";"U.S.D.";"20191209000000";"0";"0";"1500";"1";"1 De beste Sinas Zero"
"POS";"8710871209540";"U.S.D.";"20191209000000";"0";"0";"1500";"1";"1 De beste Cola Light"
"POS";"8710871209342";"U.S.D.";"20191209000000";"0";"0";"1500";"1";"1 De beste Cola Zero"
"POS";"8722200961371";"U.S.D.";"20200109000000";"0";"0";"2000";"1";"Summit Cola ZERO"
"POS";"8715600242065";"Vrumona";"20200302000000";"0";"0";"1000";"1";"Sourcy Vitaminwater Mang-Guav"
"POS";"8715600242089";"Vrumona";"20200302000000";"0";"0";"1000";"1";"Sourcy Vitaminwater Citr-Cact"
"POS";"8715600242164";"Vrumona";"20200302000000";"0";"0";"1000";"1";"Sourcy Vitaminwater Framb-Gra"
"POS";"8710604759717";"Unilever";"20200218000000";"0";"0";"1000";"1";"LIPTON RTD SPARKLING"
"POS";"8710604759724";"Unilever";"20200218000000";"0";"0";"1000";"1";"LIPTON RTD Green"
"POS";"8710604759731";"Unilever";"20200218000000";"0";"0";"1500";"1";"LIPTON RTD ORIG GREEN PURE"
"POS";"8710604759762";"Unilever";"20200218000000";"0";"0";"1500";"1";"Lipton RTD peach"
"POS";"8710604759816";"Unilever";"20200218000000";"0";"0";"1500";"1";"LIPTON RTD SPARK ZERO"
"POS";"8710604759823";"Unilever";"20200218000000";"0";"0";"1500";"1";"LIPTON RTD SPARK"
"POS";"8710604759847";"Unilever";"20200218000000";"0";"0";"1500";"1";"Lipton RTD green lemon"
"POS";"8710604792400";"Unilever";"20200218000000";"0";"0";"1500";"1";"Herbal Hibiscus"
"POS";"8710604792417";"Unilever";"20200218000000";"0";"0";"1500";"1";"Herbal Rooibos"
"POS";"5000112548648";"Coca-Cola";"20200220000000";"0";"0";"1000";"1";"CHAUDFONTAINE FUSION STILL WATERMEL"
"POS";"5000112548655";"Coca-Cola";"20200220000000";"0";"0";"1000";"1";"CHAUDFONTAINE FUSION STILL LEMON LI"
"POS";"5000112577020";"Coca-Cola";"20200220000000";"0";"0";"1500";"1";"FANTA WATERMELON NO SUGAR"
"POS";"5000112544602";"Coca-Cola";"20191230000000";"0";"0";"1000";"1";"Coca-Cola                  nrp"
"POS";"5000112544619";"Coca-Cola";"20191230000000";"0";"0";"2000";"1";"Coca-Cola"
"POS";"5000112544633";"Coca-Cola";"20191230000000";"0";"0";"1500";"1";"Coca-Cola                  nrp"
"POS";"5449000028853";"Coca-Cola";"20191230000000";"0";"0";"1000";"1";"Coca-Cola Cherry           nrp"
"POS";"5000112544558";"Coca-Cola";"20191230000000";"0";"0";"1000";"1";"Coca-Cola light            nrp"
"POS";"5000112544572";"Coca-Cola";"20191230000000";"0";"0";"1500";"1";"Coca-Cola light            nrp"
"POS";"5000112544626";"Coca-Cola";"20191230000000";"0";"0";"2000";"1";"Coca-Cola light"
"POS";"5000112544589";"Coca-Cola";"20191230000000";"0";"0";"1500";"1";"Coca-Cola light C.Free "
"POS";"5000112544695";"Coca-Cola";"20191230000000";"0";"0";"1000";"1";"Fanta Orange               nrp"
"POS";"5000112544596";"Coca-Cola";"20191230000000";"0";"0";"1500";"1";"Fanta Orange               nrp"
"POS";"5410013109679";"Spadel";"20191230000000";"0";"0";"1500";"1";"Spa reine"
"POS";"5410013115076";"Spadel";"20191230000000";"0";"0";"1500";"1";"Spa Barisart"
"POS";"5449000126801";"Coca-Cola";"20191230000000";"0";"0";"1500";"1";"Chaudfontaine "
"POS";"8715600227161";"Vrumona";"20191230000000";"0";"0";"1000";"1";"7UP REGULAR 100 CL"
"POS";"8715600227208";"Vrumona";"20191230000000";"0";"0";"1500";"1";"7UP FREE 150 CL"
"POS";"8715600227246";"Vrumona";"20191230000000";"0";"0";"1000";"1";"PEPSI COLA REGULAR 100 CL"
"POS";"8715600227284";"Vrumona";"20191230000000";"0";"0";"1500";"1";"7UP REGULAR 150 CL"
"POS";"8715600227536";"Vrumona";"20191230000000";"0";"0";"1000";"1";"RIV. LIGHT 100 CL"
"POS";"8715600227604";"Vrumona";"20191230000000";"0";"0";"1500";"1";"RIV. LIGHT 150 CL"
"POS";"8715600227635";"Vrumona";"20191230000000";"0";"0";"1000";"1";"TONIC LIGHT 100 CL"
"POS";"8715600227659";"Vrumona";"20191230000000";"0";"0";"1000";"1";"TONIC  100 CL"
"POS";"8715600227697";"Vrumona";"20191230000000";"0";"0";"1000";"1";"GRAPEFRUIT 100 CL"
"POS";"8715600227758";"Vrumona";"20191230000000";"0";"0";"1000";"1";"B. LEMON 100 CL"
"POS";"8715600227772";"Vrumona";"20191230000000";"0";"0";"1000";"1";"B.LEMON LIGHT 100 CL"
"POS";"8715600227796";"Vrumona";"20191230000000";"0";"0";"1000";"1";"CASSIS 100 CL"
"POS";"8715600227819";"Vrumona";"20191230000000";"0";"0";"1000";"1";"TONIC 100 CL"
"POS";"8715600227833";"Vrumona";"20191230000000";"0";"0";"1000";"1";"GINGER ALE 100 CL"
"POS";"8715600227857";"Vrumona";"20191230000000";"0";"0";"1000";"1";"BITTER LEMON 100 CL"
"POS";"8715600228007";"Vrumona";"20191230000000";"0";"0";"1500";"1";"SIN/MANGO NB 150 CL."
"POS";"8715600228106";"Vrumona";"20191230000000";"0";"0";"1500";"1";"ORANGE NB 150 CL."
"POS";"8715600228151";"Vrumona";"20191230000000";"0";"0";"1500";"1";"ORANGE  150 CL."
"POS";"8710624921217";"U.S.D.";"20191230000000";"0";"0";"1500";"1";"Plus Cola 1,5L Pet"
"POS";"8710624921231";"U.S.D.";"20191230000000";"0";"0";"1500";"1";"Plus Sinas 1,5L Pet"
"POS";"8710624921255";"U.S.D.";"20191230000000";"0";"0";"1500";"1";"Plus Drink 1,5L Pet"
"POS";"8710624921279";"U.S.D.";"20191230000000";"0";"0";"1500";"1";"Plus Cassis 1,5L Pet"
"POS";"8710624921293";"U.S.D.";"20191230000000";"0";"0";"1500";"1";"Plus Cola Light 1,5L Pet"
"POS";"8710624921316";"U.S.D.";"20191230000000";"0";"0";"1500";"1";"Plus Sinas Light 1,5L Pet"
"POS";"8710624921330";"U.S.D.";"20191230000000";"0";"0";"1500";"1";"Plus Drink Light 1,5L Pet"
"POS";"8716781000147";"Drinks & Liquors B.V.";"20191230000000";"0";"0";"1500";"1";"Kremling Energy 1,5 ltr"
"POS";"5000112546576";"Coca-Cola";"20191230000000";"0";"0";"1500";"1";"Chaudfontaine carbonated"
"POS";"5410013140597";"Spadel";"20191230000000";"0";"0";"1500";"1";"Spa Marie Henriette 1,5"
"POS";"5000112554526";"Coca-Cola";"20191230000000";"0";"0";"1500";"1";"Coca-Cola Zero 1,5 ltr"
"POS";"5000112554533";"Coca-Cola";"20191230000000";"0";"0";"1000";"1";"Coca-Cola Zero 1,00 ltr"
"POS";"5449000022745";"Coca-Cola";"20191230000000";"0";"0";"1500";"1";"Fanta Cassis"
"POS";"8715600230581";"Vrumona";"20191230000000";"0";"0";"1000";"1";"7 up free"
"POS";"8715600229424";"Vrumona";"20191230000000";"0";"0";"1000";"1";"Pepsi Max"
"POS";"87311280";"Vrumona";"20191230000000";"0";"0";"1000";"1";"Sourcy Stil (KZV)"
"POS";"87311242";"Vrumona";"20191230000000";"0";"0";"1000";"1";"Sourcy Sprankelend citroen KZH"
"POS";"5000112567267";"Coca-Cola";"20191230000000";"0";"0";"1500";"1";"Fanta zero lemon 1,5 ltr"
"POS";"5000112567274";"Coca-Cola";"20191230000000";"0";"0";"1500";"1";"Fanta zero orange 1,5 ltr"
"POS";"5449000154798";"Coca-Cola";"20191230000000";"0";"0";"1500";"1";"Fanta zero pomelo 1,5 ltr"
"POS";"8714800017800";"Refresco";"20191230000000";"0";"0";"1500";"1";"PET 150cl HIGHWAY CASSIS"
"POS";"8710442326102";"Refresco";"20191230000000";"0";"0";"1500";"1";"PET 150cl ORANGE"
"POS";"8710400446507";"Refresco";"20191230000000";"0";"0";"1500";"1";"PET 150cl WATER KZV"
"POS";"8710400446545";"Refresco";"20191230000000";"0";"0";"1500";"1";"PET 150cl WATER KZH"
"POS";"8710400446583";"Refresco";"20191230000000";"0";"0";"1500";"1";"PET 150cl WATER LICHT SPRANKEL"
"POS";"8715600231403";"Vrumona";"20191230000000";"0";"0";"1000";"1";"Royal Club Ginger Ale "
"POS";"3179732348913";"BSB";"20191230000000";"0";"0";"1000";"1";"Perrier Source"
"POS";"3179732333919";"BSB";"20191230000000";"0";"0";"1000";"1";"Vittel water"
"POS";"3700123300014";"BSB";"20191230000000";"0";"0";"1500";"1";"Nestle Aquarel"
"POS";"8711715873491";"Refresco";"20191230000000";"0";"0";"1500";"1";"Jumbo cola no sugar"
"POS";"8711715873514";"Refresco";"20191230000000";"0";"0";"1500";"1";"Jumbo cola caf vrij"
"POS";"8710871091299";"U.S.D.";"20191230000000";"0";"0";"1500";"1";"1 De beste Cola regular"
"POS";"8710871091282";"U.S.D.";"20191230000000";"0";"0";"1500";"1";"1 De beste Drink regular"
"POS";"8710871091275";"U.S.D.";"20191230000000";"0";"0";"1500";"1";"1 De beste Sinas regular"
"POS";"8710871085939";"U.S.D.";"20191230000000";"0";"0";"1500";"1";"1 De beste Cassis"
"POS";"8710871085915";"U.S.D.";"20191230000000";"0";"0";"1500";"1";"1 De beste Sinas light"
"POS";"8710871092531";"U.S.D.";"20191230000000";"0";"0";"1500";"1";"1 De beste Cola light"
"POS";"8002270014901";"BSB";"20191230000000";"0";"0";"1000";"1";"San Pellegrino Eau Min Nat"
"POS";"8715600231007";"Vrumona";"20191230000000";"0";"0";"1000";"1";"Rivella light"
"POS";"8712857000707";"Engel Foreign Food bv";"20191230000000";"0";"0";"1500";"1";"Aloe Vera Tropical Juice"
"POS";"5000112577082";"Coca-Cola";"20191230000000";"0";"0";"1500";"1";"Fanta Cassis zero 1,5 ltr"
"POS";"8710624096113";"Refresco";"20191230000000";"0";"0";"1500";"1";"First Choice Cola regular"
"POS";"8710624096229";"Refresco";"20191230000000";"0";"0";"1500";"1";"First Choice Cola CF Light"
"POS";"8710624096199";"Refresco";"20191230000000";"0";"0";"1500";"1";"First Choice Cola no sugar"
"POS";"8710624096151";"Refresco";"20191230000000";"0";"0";"1500";"1";"First Choice Cola light"
"POS";"8713500008484";"Refresco";"20191230000000";"0";"0";"1250";"1";"HERO CERISE"
"POS";"8713500008460";"Refresco";"20191230000000";"0";"0";"1250";"1";"HERO CASSIS"
"POS";"8713500008477";"Refresco";"20191230000000";"0";"0";"1250";"1";"HERO CASSIS LIGHT"
"POS";"5000112582048";"Coca-Cola";"20191230000000";"0";"0";"1500";"1";"COCA-COLA ZERO CAFFEÃNE FREE "
"POS";"8715600232677";"Vrumona";"20191230000000";"0";"0";"1500";"1";"Rivella light"
"POS";"5410013111900";"Spadel";"20191230000000";"0";"0";"1000";"1";"Spa Barisart"
"POS";"5410013134008";"Spadel";"20191230000000";"0";"0";"1000";"1";"Spa Marie Henriette"
"POS";"5410013134565";"Spadel";"20191230000000";"0";"0";"1500";"1";"Spa Marie Henriette"
"POS";"5410013107231";"Spadel";"20191230000000";"0";"0";"1000";"1";"Spa Reine"
"POS";"5411118105016";"Topbronnen";"20191230000000";"0";"0";"1500";"1";"Top bronwater KZV (B)"
"POS";"8715600234077";"Vrumona";"20191230000000";"0";"0";"1500";"1";"Sourcy Licht Sprankelend"
"POS";"8715600234015";"Vrumona";"20191230000000";"0";"0";"1500";"1";"Sourcy Stil"
"POS";"8715600234039";"Vrumona";"20191230000000";"0";"0";"1500";"1";"Sourcy Zacht Bruisend"
"POS";"8710442413710";"Dalphin";"20191230000000";"0";"0";"1500";"1";"Koolzuurvrij mineraalwater"
"POS";"8710442413758";"Dalphin";"20191230000000";"0";"0";"1500";"1";"Bruisend mineraalwater"
"POS";"8710442413734";"Dalphin";"20191230000000";"0";"0";"1500";"1";"Lichtbruisend mineraalwater"
"POS";"5411118105061";"Topbronnen";"20191230000000";"0";"0";"1500";"1";"Top bronwater KZH (B)"
"POS";"8717056180038";"Dalphin";"20191230000000";"0";"0";"1500";"1";"Dalphin Kzv mineraalwater"
"POS";"5000112597431";"Coca-Cola";"20191230000000";"0";"0";"2000";"1";"Coca-Cola Zero"
"POS";"5000112598155";"Coca-Cola";"20191230000000";"0";"0";"2000";"1";"FANTA ORANGE REC."
"POS";"5000112601367";"Coca-Cola";"20191230000000";"0";"0";"1500";"1";"FANTA LEMON REC."
"POS";"5410013153504";"Spadel";"20191230000000";"0";"0";"1000";"1";"Spa Bruisend & Citroen"
"POS";"5410013153108";"Spadel";"20191230000000";"0";"0";"1000";"1";"Spa Bruisend & Munt"
"POS";"8717953101532";"Earthwater";"20191230000000";"0";"0";"1000";"1";"Earthwater still"
"POS";"8717953101549";"Earthwater";"20191230000000";"0";"0";"1000";"1";"Earthwater sparkling"
"POS";"5411871008487";"Infra Food";"20191230000000";"0";"0";"1500";"1";"Limondaine bosvruchten"
"POS";"5411871009347";"Infra Food";"20191230000000";"0";"0";"1500";"1";"Limondaine multivit"
"POS";"5411871009378";"Infra Food";"20191230000000";"0";"0";"1500";"1";"Limondaine active"
"POS";"5411871009842";"Infra Food";"20191230000000";"0";"0";"1500";"1";"Limondaine fruit mango/passiev"
"POS";"8711900012469";"Refresco";"20191230000000";"0";"0";"1500";"1";"Hebron water KZV"
"POS";"8715600234824";"Vrumona";"20191230000000";"0";"0";"1500";"1";"Rivella Green Tea"
"POS";"9015160104353";"BSB";"20191230000000";"0";"0";"1000";"1";"Almdudler"
"POS";"5000112544664";"Coca-Cola";"20191230000000";"0";"0";"1000";"1";"Coca-Cola Vanilla"
"POS";"87330243";"Vrumona";"20191230000000";"0";"0";"1000";"1";"Sourcy Sparkling mineraalwater"
"POS";"87330236";"Vrumona";"20191230000000";"0";"0";"1000";"1";"Sourcy Still mineraal water"
"POS";"8715600236279";"Vrumona";"20191230000000";"0";"0";"1000";"1";"SVW Mango Guave"
"POS";"8715600236255";"Vrumona";"20191230000000";"0";"0";"1000";"1";"SVW Framboos Granaatappel"
"POS";"8715600236521";"Vrumona";"20191230000000";"0";"0";"1500";"1";"7Up Free"
"POS";"8715600236545";"Vrumona";"20191230000000";"0";"0";"1500";"1";"7Up"
"POS";"8715600235654";"Vrumona";"20191230000000";"0";"0";"1500";"1";"Rivella Cranberry"
"POS";"5000112609387";"Coca-Cola";"20191230000000";"0";"0";"1750";"1";"Coca-Cola"
"POS";"5000112609394";"Coca-Cola";"20191230000000";"0";"0";"1750";"1";"Coca-Cola light"
"POS";"5000112609400";"Coca-Cola";"20191230000000";"0";"0";"1750";"1";"Coca-Cola zero"
"POS";"9002711006426";"Drinks & Liquors B.V.";"20191230000000";"0";"0";"1500";"1";"Red oktober energy"
"POS";"8718781582524";"Gejo Trading BV";"20191230000000";"0";"0";"1500";"1";"Blue Tornado Energy"
"POS";"8718452106523";"Refresco";"20191230000000";"0";"0";"1500";"1";"Jumbo bruisend water + munt"
"POS";"5410013154013";"Spadel";"20191230000000";"0";"0";"1000";"1";"Spa Bruisend& Grapefruit"
"POS";"5410013154518";"Spadel";"20191230000000";"0";"0";"1000";"1";"Spa Bruisend& Zwarte Bes"
"POS";"0613008736194";"AriZona";"20191230000000";"0";"0";"1500";"1";"Green Tea with honey"
"POS";"0613008736224";"AriZona";"20191230000000";"0";"0";"1500";"1";"Pomegranate Green Tea"
"POS";"0613008736255";"AriZona";"20191230000000";"0";"0";"1500";"1";"Half & Half "
"POS";"0613008740696";"AriZona";"20191230000000";"0";"0";"1500";"1";"Peach Tea"
"POS";"8718452104390";"Refresco";"20191230000000";"0";"0";"1500";"1";"Jumbo Sinas fresh&fruity Taste"
"POS";"8718452104536";"Refresco";"20191230000000";"0";"0";"1500";"1";"Jumbo Lemon Drink"
"POS";"8718452106561";"Refresco";"20191230000000";"0";"0";"1500";"1";"Jumbo sinas fresh 7 fruity tas"
"POS";"8435185955432";"Bickery";"20191230000000";"0";"0";"1400";"1";"Orangina Original"
"POS";"8435185955456";"Bickery";"20191230000000";"0";"0";"1400";"1";"Orangina Original zero"
"POS";"8718452106660";"Refresco";"20191230000000";"0";"0";"1500";"1";"Jumbo Cola Light"
"POS";"8718906213548";"Topbronnen";"20191230000000";"0";"0";"2000";"1";"AH Basic Orange"
"POS";"8718906213555";"Topbronnen";"20191230000000";"0";"0";"2000";"1";"AH Basic Cola"
"POS";"8718906213579";"Topbronnen";"20191230000000";"0";"0";"2000";"1";"AH Basic Cola Light"
"POS";"8718906213562";"Topbronnen";"20191230000000";"0";"0";"2000";"1";"AH Basic Cassis"
"POS";"8718906213586";"Topbronnen";"20191230000000";"0";"0";"2000";"1";"AH Basic Lemon Lime"
"POS";"8718906183636";"Refresco";"20191230000000";"0";"0";"1500";"1";"AH BRUISEND WATER MET CITROEN"
"POS";"8718906183629";"Refresco";"20191230000000";"0";"0";"1500";"1";"AH BRUISEND WATER MET MUNT"
"POS";"8714800018302";"Refresco";"20191230000000";"0";"0";"1500";"1";"DR FOOTS"
"POS";"8711900013251";"Refresco";"20191230000000";"0";"0";"2000";"1";"Highway Cola"
"POS";"8711900013275";"Refresco";"20191230000000";"0";"0";"2000";"1";"Highway Cola Light"
"POS";"8711900013299";"Refresco";"20191230000000";"0";"0";"2000";"1";"Highway Lemon"
"POS";"8711900013312";"Refresco";"20191230000000";"0";"0";"2000";"1";"Highway Orange"
"POS";"8718906371187";"U.S.D.";"20191230000000";"0";"0";"1500";"1";"AH Cola regular"
"POS";"8718906371200";"U.S.D.";"20191230000000";"0";"0";"1500";"1";"AH Cola light"
"POS";"8718906371194";"U.S.D.";"20191230000000";"0";"0";"1500";"1";"AH Sinas regular"
"POS";"8718906371217";"U.S.D.";"20191230000000";"0";"0";"1500";"1";"AH Sinas light"
"POS";"8718906371231";"U.S.D.";"20191230000000";"0";"0";"1500";"1";"AH Lemon&lime regular"
"POS";"8718906371248";"U.S.D.";"20191230000000";"0";"0";"1500";"1";"AH Lemon&lime light"
"POS";"8718906371224";"U.S.D.";"20191230000000";"0";"0";"1500";"1";"AH Cassis"
"POS";"8718906375154";"U.S.D.";"20191230000000";"0";"0";"1500";"1";"AH Cola stevia"
"POS";"8718906375147";"U.S.D.";"20191230000000";"0";"0";"1500";"1";"AH Sinas stevia"
"POS";"5410013124405";"Spadel";"20191230000000";"0";"0";"1250";"1";"SPA CITRON "
"POS";"5410013144205";"Spadel";"20191230000000";"0";"0";"1250";"1";"SPA ORANGE "
"POS";"5410013149002";"Spadel";"20191230000000";"0";"0";"1250";"1";"SPA LEMON-CACTUS"
"POS";"5410013160106";"Spadel";"20191230000000";"0";"0";"1250";"1";"SPA APPEL "
"POS";"5410013170303";"Spadel";"20191230000000";"0";"0";"1250";"1";"SPA FOREST FRUIT "
"POS";"5410013183204";"Spadel";"20191230000000";"0";"0";"1250";"1";"SPA CITRUS FRUIT "
"POS";"5410013155508";"Spadel";"20191230000000";"0";"0";"1000";"1";"Spa Touch Of Apple"
"POS";"5000112615616";"Coca-Cola";"20191230000000";"0";"0";"1500";"1";"FANTA EXOTIC"
"POS";"8715600236873";"Vrumona";"20191230000000";"0";"0";"1500";"1";"7Up Free Mojito"
"POS";"5411871008487";"Sunnyland";"20191230000000";"0";"0";"1500";"1";"Limondaine bosvruchten"
"POS";"5411871009378";"Sunnyland";"20191230000000";"0";"0";"1500";"1";"Limondaine active "
"POS";"8714800018302";"Bavaria";"20191230000000";"0";"0";"1500";"1";"DR FOOTS"
"POS";"5411871009347";"Sunnyland";"20191230000000";"0";"0";"1500";"1";"Limondaine Multivit 1,5 ltr"
"POS";"5411871009842";"Sunnyland";"20191230000000";"0";"0";"1500";"1";"Limondaine Fruit mango/passiev"
"POS";"0613008736194";"BSB";"20191230000000";"0";"0";"1500";"1";"AriZona Green Tea"
"POS";"0613008736224";"BSB";"20191230000000";"0";"0";"1500";"1";"AriZona Pomegranate"
"POS";"0613008736255";"BSB";"20191230000000";"0";"0";"1500";"1";"AriZona Half & Half"
"POS";"5410013154013";"Spadel";"20191230000000";"0";"0";"1000";"1";"Spa Bruisend& Zwarte Bes"
"POS";"5410013154518";"Spadel";"20191230000000";"0";"0";"1000";"1";"Spa Bruisend& Grapefruit"
"POS";"8714800018302";"Refresco";"20191230000000";"0";"0";"1500";"1";"DR FOOTS"
"POS";"5411871008487";"Sunnyland";"20191230000000";"0";"0";"1500";"1";"Limondaine bosvruchten"
"POS";"87332902";"Vrumona";"20191230000000";"0";"0";"1000";"1";"Sourcy Framboos sprankelend"
"POS";"87332896";"Vrumona";"20191230000000";"0";"0";"1000";"1";"Sourcy rood citroen"
"POS";"5410013156505";"Spadel";"20191230000000";"0";"0";"1000";"1";"Spa touch of Perzik"
"POS";"613008736194";"AriZona";"20191230000000";"0";"0";"1500";"1";"Green Tea with honey"
"POS";"613008736224";"AriZona";"20191230000000";"0";"0";"1500";"1";"Pomegranate Green Tea"
"POS";"613008736255";"AriZona";"20191230000000";"0";"0";"1500";"1";"Half & Half"
"POS";"613008740696";"AriZona";"20191230000000";"0";"0";"1500";"1";"Peach Tea"
"POS";"3179732368942";"BSB";"20191230000000";"0";"0";"1000";"1";"Perrier Limoen"
"POS";"8722200954236";"U.S.D.";"20191230000000";"0";"0";"1500";"1";"Bar le duc koolzuurhoudend"
"POS";"8722200954212";"U.S.D.";"20191230000000";"0";"0";"1500";"1";"Bar le duc koolzuurvrij"
"POS";"8722200954250";"U.S.D.";"20191230000000";"0";"0";"1500";"1";"Bar le duc citroen"
"POS";"8722200954298";"U.S.D.";"20191230000000";"0";"0";"1500";"1";"Bar le duc Granny Smith"
"POS";"8722200954274";"U.S.D.";"20191230000000";"0";"0";"1500";"1";"Bar le duc framboos"
"POS";"8722200954311";"U.S.D.";"20191230000000";"0";"0";"1500";"1";"Bar le duc Lemon&Mint"
"POS";"8722200954335";"U.S.D.";"20191230000000";"0";"0";"1500";"1";"Bar le duc Berries&Guarana"
"POS";"8411547211613";"Bickery";"20191230000000";"0";"0";"1500";"1";"Solan de Cabras"
"POS";"5410013312550";"Spadel";"20191230000000";"0";"0";"1500";"1";"BRU"
"POS";"8711900014371";"Refresco";"20191230000000";"0";"0";"1500";"1";"HÃ©bron Water KZH"
"POS";"8718906418400";"Refresco";"20191230000000";"0";"0";"1500";"1";"Bruisend water met bloedsinaasappel"
"POS";"8718906461659";"U.S.D.";"20191230000000";"0";"0";"1500";"1";"AH cola zero"
"POS";"8715600237238";"Vrumona";"20191230000000";"0";"0";"1000";"1";"Sourcy vit.water groene theecitroen"
"POS";"031200457004";"Granfood";"20191230000000";"0";"0";"1000";"1";"Cranberry Black BEV OSP"
"POS";"031200456991";"Granfood";"20191230000000";"0";"0";"1000";"1";"Cranberry Classic"
"POS";"031200457011";"Granfood";"20191230000000";"0";"0";"1000";"1";"Granberry Classic BEV OSP"
"POS";"031200456120";"Granfood";"20191230000000";"0";"0";"1000";"1";"Cranberry Blueberry BEV OSP"
"POS";"031200459343";"Granfood";"20191230000000";"0";"0";"1000";"1";"Raspberry BEV OSP"
"POS";"031200457035";"Granfood";"20191230000000";"0";"0";"1000";"1";"Cranberry & Raspberry Light"
"POS";"031200457745";"Granfood";"20191230000000";"0";"0";"1000";"1";"Ocean Spray Cranberry & Cherry"
"POS";"8710624224356";"U.S.D.";"20191230000000";"0";"0";"2000";"1";"OKE Cassis"
"POS";"8710624224370";"U.S.D.";"20191230000000";"0";"0";"2000";"1";"OKE Cola"
"POS";"8710624224394";"U.S.D.";"20191230000000";"0";"0";"2000";"1";"OKE Cola light"
"POS";"8710624224417";"U.S.D.";"20191230000000";"0";"0";"2000";"1";"OKE Lemon&lime"
"POS";"8710624224431";"U.S.D.";"20191230000000";"0";"0";"2000";"1";"OKE Sinas"
"POS";"8722200954670";"U.S.D.";"20191230000000";"0";"0";"2000";"1";"Summit Cassis"
"POS";"8722200954618";"U.S.D.";"20191230000000";"0";"0";"2000";"1";"Summit cola"
"POS";"8722200954632";"U.S.D.";"20191230000000";"0";"0";"2000";"1";"Summit cola light"
"POS";"8722200954656";"U.S.D.";"20191230000000";"0";"0";"2000";"1";"Summit lemon&lime"
"POS";"8722200954595";"U.S.D.";"20191230000000";"0";"0";"2000";"1";"Summit Orange"
"POS";"8715600236255";"Vrumona";"20191230000000";"0";"0";"1000";"1";"VW SY FRAMB/GRANA"
"POS";"8715600236279";"Vrumona";"20191230000000";"0";"0";"1000";"1";"VW SY MANGO/GUAVE"
"POS";"8715600237238";"Vrumona";"20191230000000";"0";"0";"1000";"1";"VW GROENE THEE CITROEN"
"POS";"8715600238402";"Vrumona";"20191230000000";"0";"0";"1000";"1";"RIVELLA KZV Elderf"
"POS";"8715600238426";"Vrumona";"20191230000000";"0";"0";"1000";"1";"RIVELLA KZV Pomegr"
"POS";"8715600238440";"Vrumona";"20191230000000";"0";"0";"1000";"1";"RIVELLA KZV Peach"
"POS";"8715600238464";"Vrumona";"20191230000000";"0";"0";"1000";"1";"RIVELLA KZV Lemon"
"POS";"8718858611164";"Charlie's Natural";"20191230000000";"0";"0";"1000";"1";"Charlie's Lermon, Lime & Mint"
"POS";"8718858611195";"Charlie's Natural";"20191230000000";"0";"0";"1000";"1";"Charlie's Black Currant & Acai"
"POS";"8718858611225";"Charlie's Natural";"20191230000000";"0";"0";"1000";"1";"Charlie's Orange & Mandarin"
"POS";"8718858611256";"Charlie's Natural";"20191230000000";"0";"0";"1000";"1";"Charlie's Apple, Lemon & Ginger"
"POS";"8712100720543";"Unilever";"20191230000000";"0";"0";"1500";"1";"LIPTON RTD peach"
"POS";"613008742652";"AriZona";"20191230000000";"0";"0";"1500";"1";"AriZona Mucho Mango"
"POS";"613008742683";"AriZona";"20191230000000";"0";"0";"1500";"1";"AriZona Watermelon"
"POS";"613008742713";"AriZona";"20191230000000";"0";"0";"1500";"1";"AriZona Fruit Punch"
"POS";"3179732333919";"NestlÃ©";"20191230000000";"0";"0";"1000";"1";"Vittel water"
"POS";"3700123300014";"NestlÃ©";"20191230000000";"0";"0";"1500";"1";"NestlÃ© PureLife"
"POS";"3179732348913";"NestlÃ©";"20191230000000";"0";"0";"1000";"1";"Perrier"
"POS";"3179730256227";"NestlÃ©";"20191230000000";"0";"0";"750";"1";"Vittel Sportdop"
"POS";"8002270014901";"NestlÃ©";"20191230000000";"0";"0";"1000";"1";"S.Pellegrino"
"POS";"3179730115821";"NestlÃ©";"20191230000000";"0";"0";"1000";"1";"Contrex"
"POS";"3179730100001";"NestlÃ©";"20191230000000";"0";"0";"1500";"1";"Contrex"
"POS";"3048431001545";"NestlÃ©";"20191230000000";"0";"0";"1500";"1";"Vittel water"
"POS";"3048431004041";"NestlÃ©";"20191230000000";"0";"0";"1000";"1";"Hepar"
"POS";"8000815245278";"NestlÃ©";"20191230000000";"0";"0";"1000";"1";"Acqua Panna"
"POS";"3179732368942";"NestlÃ©";"20191230000000";"0";"0";"1000";"1";"Perrier Limoen"
"POS";"7613035827615";"NestlÃ©";"20191230000000";"0";"0";"1000";"1";"Perrier Watermeloen"
"POS";"7613033125782";"NestlÃ©";"20191230000000";"0";"0";"1000";"1";"Perrier Citrus"
"POS";"3179732368911";"NestlÃ©";"20191230000000";"0";"0";"1000";"1";"Perrier Citroen"
"POS";"7613035833272";"NestlÃ©";"20191230000000";"0";"0";"1000";"1";"Perrier"
"POS";"5000112624618";"Coca-Cola";"20191230000000";"0";"0";"1500";"1";"SPRITE REFRESH"
"POS";"5000112624601";"Coca-Cola";"20191230000000";"0";"0";"2000";"1";"SPRITE REFRESH"
"POS";"8717399840774";"AKOM";"20191230000000";"0";"0";"1500";"1";"Tasting Good Vitamin Water fram&gra"
"POS";"8717399840781";"AKOM";"20191230000000";"0";"0";"1500";"1";"Tasting Good Vitamin Water lim&lych"
"POS";"87338256";"Vrumona";"20191230000000";"0";"0";"1000";"1";"Sourcy framboos/citroen sprankelend"
"POS";"87338263";"Vrumona";"20191230000000";"0";"0";"1000";"1";"Sourcy citroen/cactus sprankelend"
"POS";"5449000228901";"Coca-Cola";"20191230000000";"0";"0";"1000";"1";"CHAUDFONTAINE FUSION LIME MINT"
"POS";"5449000228871";"Coca-Cola";"20191230000000";"0";"0";"1000";"1";"CHAUDFONTAINE FUSION CITROEN"
"POS";"5000112625677";"Coca-Cola";"20191230000000";"0";"0";"1000";"1";"COCA-COLA ZERO CHERRY REC"
"POS";"5449000663948";"Coca-Cola";"20191230000000";"0";"0";"1500";"1";"FANTA STRAWBERRY KIWI ZERO REC"
"POS";"8718452210992";"Refresco";"20191230000000";"0";"0";"1500";"1";"Jumbo water bruisend citroen"
"POS";"8718452211012";"Refresco";"20191230000000";"0";"0";"1500";"1";"Jumbo water bruisend bloedsinaasapp"
"POS";"8718452211005";"Refresco";"20191230000000";"0";"0";"1500";"1";"Jumbo water bruisend kers"
"POS";"8718452211029";"Refresco";"20191230000000";"0";"0";"1500";"1";"Jumbo water bruisend zwarte bes"
"POS";"8718452206834";"Refresco";"20191230000000";"0";"0";"1500";"1";"Jumbo cola"
"POS";"5410013152101";"Spadel";"20191230000000";"0";"0";"1000";"1";"SPA DUO BLACKBERRY/RASPBERRY"
"POS";"5410013151609";"Spadel";"20191230000000";"0";"0";"1000";"1";"SPA DUO LIME/GINGER"
"POS";"5410013151104";"Spadel";"20191230000000";"0";"0";"1000";"1";"SPA DUO APPLE/DALANDAN"
"POS";"5410013150602";"Spadel";"20191230000000";"0";"0";"1000";"1";"SPA DUO STRAWBERRY/WATERMELON"
"POS";"8717056180434";"Dalphin";"20191230000000";"0";"0";"1500";"1";"Dalphin Kvh mineraalwater"
"POS";"9015160104353";"Wonderful";"20191230000000";"0";"0";"1000";"1";"Almdudler"
"POS";"8718906685512";"U.S.D.";"20191230000000";"0";"0";"1500";"1";"AH Ijsthee regular UTZ"
"POS";"8718906685536";"U.S.D.";"20191230000000";"0";"0";"1500";"1";"AH Ijsthee ZERO UTZ"
"POS";"5410013160700";"Spadel";"20191230000000";"0";"0";"1000";"1";"Spa Touch Of Coconut"
"POS";"8718452210923";"Refresco";"20191230000000";"0";"0";"1500";"1";"Jumbo Ice tea zero"
"POS";"3760172000006";"D-tox";"20191230000000";"0";"0";"1000";"1";"D-TOX 100% kombucha elixir"
"POS";"8718452281466";"AKOM";"20191230000000";"0";"0";"1500";"1";"Jumbo vitamine water limoen-lychee"
"POS";"8718452281473";"AKOM";"20191230000000";"0";"0";"1500";"1";"Jumbo vit water framboos-granaatapp"
"POS";"5000112630060";"Coca-Cola";"20191230000000";"0";"0";"1250";"1";"FUZE TEA SPARKLING BLACK TEA"
"POS";"5000112630350";"Coca-Cola";"20191230000000";"0";"0";"1250";"1";"FUZE TEA GREEN TEA"
"POS";"5000112630251";"Coca-Cola";"20191230000000";"0";"0";"1000";"1";"COCA-COLA ZERO VANILLA"
"POS";"5000112630268";"Coca-Cola";"20191230000000";"0";"0";"1000";"1";"CHAUDFONTAINE STILL"
"POS";"5000112630275";"Coca-Cola";"20191230000000";"0";"0";"1000";"1";"CHAUDFONTAINE LIGHT SPARKLING"
"POS";"87342178";"Vrumona";"20191230000000";"0";"0";"1000";"1";"Sourcy Sprankelend mangosmaak"
"POS";"8715600239348";"Vrumona";"20191230000000";"0";"0";"1000";"1";"Sourcy Vitaminwater Citroen Cactus"
"POS";"8435185955432";"Orangina";"20191230000000";"0";"0";"1400";"1";"Orangina Original"
"POS";"8435185955456";"Orangina";"20191230000000";"0";"0";"1400";"1";"Orangina Original zero"
"POS";"8714100873212";"Unilever";"20191230000000";"0";"0";"2000";"1";"Lipton RTD Sparkling ice tea"
"POS";"8710624246334";"U.S.D.";"20191230000000";"0";"0";"1500";"1";"G'woon Cola"
"POS";"8710624246358";"U.S.D.";"20191230000000";"0";"0";"1500";"1";"G'woon Cola light"
"POS";"8710624246419";"U.S.D.";"20191230000000";"0";"0";"1500";"1";"G'woon Sinas"
"POS";"8710624246433";"U.S.D.";"20191230000000";"0";"0";"1500";"1";"G'woon Sinas zero"
"POS";"8710624246471";"U.S.D.";"20191230000000";"0";"0";"1500";"1";"G'woon Cassis"
"POS";"8710624246518";"U.S.D.";"20191230000000";"0";"0";"1500";"1";"G'woon Lemon&Lime"
"POS";"8710624246532";"U.S.D.";"20191230000000";"0";"0";"1500";"1";"G'woon Lemon&Lime zero"
"POS";"8710624246570";"U.S.D.";"20191230000000";"0";"0";"1500";"1";"G'woon Cola zero"
"POS";"8710624496807";"U.S.D.";"20191230000000";"0";"0";"1500";"1";"Plus Sinas zero"
"POS";"8710624496944";"U.S.D.";"20191230000000";"0";"0";"1500";"1";"Plus Cola zero"
"POS";"8710624496906";"U.S.D.";"20191230000000";"0";"0";"1500";"1";"Plus Lemon&Lime zero"
"POS";"8710871166508";"U.S.D.";"20191230000000";"0";"0";"1500";"1";"1 De Beste cola"
"POS";"8710871166560";"U.S.D.";"20191230000000";"0";"0";"1500";"1";"1 De Beste Sinas"
"POS";"8710871166645";"U.S.D.";"20191230000000";"0";"0";"1500";"1";"1 De Beste Lemon&lime"
"POS";"8710871166621";"U.S.D.";"20191230000000";"0";"0";"1500";"1";"1 De Beste Cassis"
"POS";"8710871166522";"U.S.D.";"20191230000000";"0";"0";"1500";"1";"1 De Beste Cola light"
"POS";"8710871166584";"U.S.D.";"20191230000000";"0";"0";"1500";"1";"1 De Beste Sinas zero"
"POS";"8714100873106";"Unilever";"20191230000000";"0";"0";"1000";"1";"LIPTON RTD SPARKLING"
"POS";"8714100873199";"Unilever";"20191230000000";"0";"0";"1500";"1";"LIPTON RTD SPARKLING"
"POS";"8714100873205";"Unilever";"20191230000000";"0";"0";"1500";"1";"Lipton RTD peach"
"POS";"8710624246594";"Topbronnen";"20191230000000";"0";"0";"1500";"1";"G'woon ijsthee koolzuurhoudend"
"POS";"8710624496968";"Topbronnen";"20191230000000";"0";"0";"1500";"1";"Plus ijsthee koolzuurhoudend"
"POS";"8710871166669";"Topbronnen";"20191230000000";"0";"0";"1500";"1";"1 De Beste ijsthee koolzuurhoudend"
"POS";"8710624246617";"Topbronnen";"20191230000000";"0";"0";"1500";"1";"G'woon ijsthee zero sugar"
"POS";"8710871166683";"Topbronnen";"20191230000000";"0";"0";"1500";"1";"1 De Beste ijsthee zero sugar"
"POS";"8711200344642";"Unilever";"20191230000000";"0";"0";"1500";"1";"LIPTON RTD SPARK ZERO"
"POS";"5410013153764";"Spadel";"20191230000000";"0";"0";"1000";"1";"Spa Touch Of Lemon"
"POS";"8710624246259";"Refresco";"20191230000000";"0";"0";"1500";"1";"G'woon ijsthee groen KZV"
"POS";"8718452281336";"Refresco";"20191230000000";"0";"0";"1500";"1";"Jumbo Cassis Regular"
"POS";"5449000247209";"Coca-Cola";"20191230000000";"0";"0";"1000";"1";"Chaudfontaine Fusion waterm./komkom"
"POS";"8715600239867";"Vrumona";"20191230000000";"0";"0";"1000";"1";"Cr Clear GreenTea/Apple"
"POS";"8715600239881";"Vrumona";"20191230000000";"0";"0";"1000";"1";"Cr Clear Cucumb/Watermln"
"POS";"87342659";"U.S.D.";"20191230000000";"0";"0";"1500";"1";"BLD Zwarte bessen"
"POS";"8710624259648";"Refresco";"20191230000000";"0";"0";"1500";"1";"G'woon helder en licht clearcitroen"
"POS";"8710624259662";"Refresco";"20191230000000";"0";"0";"1500";"1";"G'woon helder en licht clear perzik"
"POS";"8710624259624";"Refresco";"20191230000000";"0";"0";"1500";"1";"G'woon Clear cranberry limoen"
"POS";"8717399840934";"AKOM";"20191230000000";"0";"0";"1500";"1";"Tasting Good Vitamin Dr Mango&Guave"
"POS";"031200467003";"Granfood";"20191230000000";"0";"0";"1000";"1";"Cranberry Lime"
"POS";"5000112637755";"Coca-Cola";"20191230000000";"0";"0";"1000";"1";"CHAUDFONTAINE FSN MANDARIJN KAMILLE"
"POS";"5000112637724";"Coca-Cola";"20191230000000";"0";"0";"1500";"1";"FANTA ZERO PEACH APRICOT"
"POS";"5000112639308";"Coca-Cola";"20191230000000";"0";"0";"1000";"1";"CHAUDFONTAINE SPARKLING"
"POS";"8718906901711";"Roxane";"20191230000000";"0";"0";"1500";"1";"AH basic Sparkling water"
"POS";"8718906901704";"Roxane";"20191230000000";"0";"0";"1500";"1";"AH basic Still water"
"POS";"8715600239966";"Vrumona";"20191230000000";"0";"0";"1500";"1";"PEPSI AXL LIGHT"
"POS";"8715600239980";"Vrumona";"20191230000000";"0";"0";"1500";"1";"PEPSI AXL REG"
"POS";"8715600239942";"Vrumona";"20191230000000";"0";"0";"1500";"1";"PEPSI AXL MAX"
"POS";"8715600240108";"Vrumona";"20191230000000";"0";"0";"1500";"1";"PEPSI AXL MAX CHERRY"
"POS";"8715600240085";"Vrumona";"20191230000000";"0";"0";"1500";"1";"PEPSI AXL MAX LEMON"
"POS";"5000112639483";"Coca-Cola";"20191230000000";"0";"0";"1250";"1";"FUZE TEA GREEN TEA MANGO CHAMOMILE"
"POS";"5000112639476";"Coca-Cola";"20191230000000";"0";"0";"1250";"1";"FUZE TEA BLACK TEA PEACH HIBISCUS"
"POS";"8712888011888";"Bourmana";"20191230000000";"0";"0";"1500";"1";"Sidi Ali"
"POS";"8712888011901";"Bourmana";"20191230000000";"0";"0";"1500";"1";"Sidi harazam"
"POS";"8712888011871";"Bourmana";"20191230000000";"0";"0";"1500";"1";"Don Simon limonade"
"POS";"8712888012212";"Bourmana";"20191230000000";"0";"0";"1500";"1";"Appel pommes"
"POS";"8712888012229";"Bourmana";"20191230000000";"0";"0";"1500";"1";"Tropical"
"POS";"8712888011864";"Bourmana";"20191230000000";"0";"0";"1500";"1";"Mirinda"
"POS";"8718452335763";"Topbronnen";"20191230000000";"0";"0";"1500";"1";"JUMBO - Citroen & Cactus"
"POS";"8718452335756";"Topbronnen";"20191230000000";"0";"0";"1500";"1";"JUMBO - Sinaas & Passie"
"POS";"3068320120317";"BSB";"20191230000000";"0";"0";"1500";"1";"Evian Mineral water"
"POS";"5410013163145";"Spadel";"20191230000000";"0";"0";"1000";"1";"SPA DUO PEACH APPLE"
"POS";"5410013162643";"Spadel";"20191230000000";"0";"0";"1000";"1";"SPA DUO LEMON CUCUMBER"
"POS";"5410013164661";"Spadel";"20191230000000";"0";"0";"1250";"1";"SPA FRUIT APPLE KIWI"
"POS";"5410013164166";"Spadel";"20191230000000";"0";"0";"1250";"1";"SPA FRUIT RASPBERRY REDCURRANT"
"POS";"5000112640045";"Coca-Cola";"20191230000000";"0";"0";"1250";"1";"FUZE TEA LEMON LEMONGRASS"
"POS";"5000112640052";"Coca-Cola";"20191230000000";"0";"0";"1250";"1";"FUZE TEA LIME MINT"
"POS";"8710624481926";"Refresco";"20191230000000";"0";"0";"1500";"1";"Plus Clear Lemon"
"POS";"8710871171960";"Refresco";"20191230000000";"0";"0";"1500";"1";"1 De Beste Clear Lemon"
"POS";"8715600240306";"Vrumona";"20191230000000";"0";"0";"1500";"1";"PEPSI Max Zero Caffeine"
"POS";"5410013163800";"Spadel";"20191230000000";"0";"0";"1000";"1";"Spa Touch Of Watermelon-Kiwi"
"POS";"5410013185093";"Spadel";"20191230000000";"0";"0";"1000";"1";"Spa Reine Subtile Raspberry Apple"
"POS";"5410013186595";"Spadel";"20191230000000";"0";"0";"1000";"1";"Spa Reine Subtile Lime Jasmine"
"POS";"5410013187592";"Spadel";"20191230000000";"0";"0";"1000";"1";"Spa Reine Subtile Orange Cardamom"
"POS";"5010438005992";"Unidex";"20191230000000";"0";"0";"2000";"1";"Vimto fruit flavoured drink"
"POS";"5000177492160";"Unidex";"20191230000000";"0";"0";"2000";"1";"Old Jamaica ginger beer"
"POS";"8718906996304";"U.S.D.";"20191230000000";"0";"0";"1000";"1";"AH Bitter lemon"
"POS";"8718906996281";"U.S.D.";"20191230000000";"0";"0";"1000";"1";"AH Tonic"
"POS";"8710624481940";"Refresco";"20191230000000";"0";"0";"1500";"1";"Plus Clear Perzik"
"POS";"8710624481926";"Refresco";"20191230000000";"0";"0";"1500";"1";"Plus Clear Citroen"
"POS";"8710871171984";"Refresco";"20191230000000";"0";"0";"1500";"1";"1 De Beste clear Perzik"
"POS";"8718452358991";"Dalphin";"20191230000000";"0";"0";"1500";"1";"Koolzuurvrij mineraalwater Jumbo"
"POS";"8718452358977";"Dalphin";"20191230000000";"0";"0";"1500";"1";"Bruisend mineraalwater Jumbo"
"POS";"8718452358984";"Dalphin";"20191230000000";"0";"0";"1500";"1";"Lichtbruisend mineraalwater Jumbo"
"POS";"8718452359035";"Dalphin";"20191230000000";"0";"0";"1500";"1";"Helder LEMON Jumbo"
"POS";"8718452359042";"Dalphin";"20191230000000";"0";"0";"1500";"1";"Helder PEACH Jumbo"
"POS";"8718452346615";"Refresco";"20191230000000";"0";"0";"1500";"1";"Jumbo Ice tea org kzh"
"POS";"8711200447053";"Unilever";"20191230000000";"0";"0";"1500";"1";"LIPTON RTD ORIG GREEN PURE"
"POS";"8711200447114";"Unilever";"20191230000000";"0";"0";"1500";"1";"Lipton RTD GR MINT LIME"
"POS";"8711200447107";"Unilever";"20191230000000";"0";"0";"1500";"1";"Lipton RTD green lemon"
"POS";"8711200447121";"Unilever";"20191230000000";"0";"0";"1000";"1";"LIPTON RTD Green"
"POS";"8722200960510";"U.S.D.";"20191230000000";"0";"0";"1000";"1";"London Tonic"
"POS";"8722200960558";"U.S.D.";"20191230000000";"0";"0";"1000";"1";"London Ginger ale"
"POS";"8722200960534";"U.S.D.";"20191230000000";"0";"0";"1000";"1";"London Bitter lemon"
"POS";"8711200447053";"Unilever";"20191230000000";"0";"0";"1500";"1";"LIPTON RTD ORIG GREEN PURE"
"POS";"8711200447114";"Unilever";"20191230000000";"0";"0";"1500";"1";"Lipton RTD GR MINT LIME"
"POS";"8711200447107";"Unilever";"20191230000000";"0";"0";"1500";"1";"Lipton RTD green lemon"
"POS";"8711200447121";"Unilever";"20191230000000";"0";"0";"1000";"1";"LIPTON RTD Green"
"POS";"5410221166600";"Orangina";"20191230000000";"0";"0";"1500";"1";"Dr Pepper"
"POS";"3124480184801";"Orangina";"20191230000000";"0";"0";"1500";"1";"Ginger Ale"
"POS";"3124480151414";"Orangina";"20191230000000";"0";"0";"1000";"1";"Tonic"
"POS";"3124480001405";"Orangina";"20191230000000";"0";"0";"1500";"1";"Tonic"
"POS";"3124480184764";"Orangina";"20191230000000";"0";"0";"1000";"1";"Mojito"
"POS";"3124480203632";"Orangina";"20191230000000";"0";"0";"2000";"1";"Oasis Orange"
"POS";"3124480002501";"Orangina";"20191230000000";"0";"0";"1500";"1";"Agrum"
"POS";"8718906975286";"Refresco";"20191230000000";"0";"0";"1500";"1";"Bruisend gember citrus gras"
"POS";"8712888011727";"Bourmana";"20191230000000";"0";"0";"1500";"1";"Schweppes Citron"
"POS";"8712888011734";"Bourmana";"20191230000000";"0";"0";"1500";"1";"Cola Maroc"
"POS";"8715600240467";"Vrumona";"20191230000000";"0";"0";"1000";"1";"Sourcy peer"
"POS";"8715600240351";"Vrumona";"20191230000000";"0";"0";"1000";"1";"RC Ginger Ale 0% suiker"
"POS";"8715600241013";"Vrumona";"20191230000000";"0";"0";"1000";"1";"RC Tonic 0% suiker"
"POS";"8715600240993";"Vrumona";"20191230000000";"0";"0";"1000";"1";"RC Bitter Lemon 0% suiker"
"POS";"8715600240849";"Vrumona";"20191230000000";"0";"0";"1000";"1";"Cr Clear Lemon"
"POS";"8715600240542";"Vrumona";"20191230000000";"0";"0";"1500";"1";"Cr Clear Peach"
"POS";"8715600240566";"Vrumona";"20191230000000";"0";"0";"1500";"1";"Cr Clear Lemon"
"POS";"8715600240603";"Vrumona";"20191230000000";"0";"0";"1500";"1";"Cr Clear Cranberry"
"POS";"8715600240665";"Vrumona";"20191230000000";"0";"0";"1500";"1";"Cr Clear  Cherry"
"POS";"8715600240627";"Vrumona";"20191230000000";"0";"0";"1500";"1";"Cr Clear Apple"
"POS";"8715600240580";"Vrumona";"20191230000000";"0";"0";"1500";"1";"Cr Clear Grapefruit"
"POS";"8715600240641";"Vrumona";"20191230000000";"0";"0";"1500";"1";"Cr Clear Lemon/Cactus"
"POS";"8713300079356";"U.S.D.";"20191230000000";"0";"0";"1500";"1";"Riedel BubbelFris Appel-Zwarte Bes"
"POS";"8713300079363";"U.S.D.";"20191230000000";"0";"0";"1500";"1";"Riedel BubbelFris FramboosCranberry"
"POS";"8713300079370";"U.S.D.";"20191230000000";"0";"0";"1500";"1";"Riedel BubbelFris SinasappMandarijn"
"POS";"8713300079394";"U.S.D.";"20191230000000";"0";"0";"1500";"1";"Riedel BubbelFris WitteDruifCitroen"
"POS";"8713300079417";"U.S.D.";"20191230000000";"0";"0";"1500";"1";"Riedel BubbelFris Appel-Perzik"
"POS";"5449000267399";"Coca-Cola";"20191230000000";"0";"0";"900";"1";"AQUARIUS WTR+ESS. MIN. MAGNESIUM"
"POS";"5449000267368";"Coca-Cola";"20191230000000";"0";"0";"900";"1";"AQUARIUS WTR+ESS. MIN. ZINC"
"POS";"5000112642278";"Coca-Cola";"20191230000000";"0";"0";"2000";"1";"SPRITE REFRESH REC."
"POS";"5000112642261";"Coca-Cola";"20191230000000";"0";"0";"1500";"1";"SPRITE REFRESH REC."
"POS";"8718906996168";"U.S.D.";"20191230000000";"0";"0";"1000";"1";"AH Water&Fruit Bosvruchten"
"POS";"8718906996205";"U.S.D.";"20191230000000";"0";"0";"1000";"1";"AH Water&Fruit Appel"
"POS";"8718906996182";"U.S.D.";"20191230000000";"0";"0";"1000";"1";"AH Water&Fruit Cactus citroen"
"POS";"5013665115236";"Wessanen";"20191230000000";"0";"0";"1000";"1";"Whole Earth Organic Soda Cola"
"POS";"5013665115274";"Wessanen";"20191230000000";"0";"0";"1000";"1";"Whole Earth Organic Soda Ginger"
"POS";"5013665115250";"Wessanen";"20191230000000";"0";"0";"1000";"1";"Whole Earth Organic Soda Elderfl."
"POS";"8711200467198";"Unilever";"20191230000000";"0";"0";"2000";"1";"Lipton green ice tea"
"POS";"5000112642797";"Coca-Cola";"20191230000000";"0";"0";"1250";"1";"FUZE TEA WINTER BLACK TEA APPL CINN"
"POS";"8710642035569";"Coca-Cola";"20191230000000";"0";"0";"1500";"1";"FERNANDES CHERRY BOUQUET"
"POS";"8710642035590";"Coca-Cola";"20191230000000";"0";"0";"1500";"1";"FERNANDES GREEN PUNCH"
"POS";"8710642035620";"Coca-Cola";"20191230000000";"0";"0";"1500";"1";"FERNANDES SUPER PINEAPPLE"
"POS";"5000112641837";"Coca-Cola";"20191230000000";"0";"0";"1500";"1";"FANTA EXOTIC ZERO"
"POS";"5000112642926";"Coca-Cola";"20191230000000";"0";"0";"1500";"1";"FANTA LEMON ELDERFLOWER NO SUGAR"
"POS";"5000112643206";"Coca-Cola";"20191230000000";"0";"0";"1000";"1";"COCA-COLA ZERO CINNAMON"
"POS";"8711200454785";"Unilever";"20191230000000";"0";"0";"1000";"1";"Pure Leaf RTD Bio Lemon"
"POS";"8711200454792";"Unilever";"20191230000000";"0";"0";"1000";"1";"Pure Leaf RTD Bio Mint"
"POS";"8718452379019";"Refresco";"20191230000000";"0";"0";"1500";"1";"Jumbo sinas taste fresh&fruity"
"POS";"8718452379040";"Refresco";"20191230000000";"0";"0";"1500";"1";"Jumbo Lemon fresh&fruity"
"POS";"8710442458346";"Dalphin";"20191230000000";"0";"0";"1000";"1";"Bruisend mineraalwater"
"POS";"8710442458360";"Dalphin";"20191230000000";"0";"0";"1000";"1";"Koolzuurvrij mineraalwater"
"POS";"8710442458384";"Dalphin";"20191230000000";"0";"0";"1000";"1";"Lichtbruisend mineraalwater"
"POS";"8718906996267";"Refresco";"20191230000000";"0";"0";"1500";"1";"AH licht & sprankelend perzik necta"
"POS";"8718906996243";"Refresco";"20191230000000";"0";"0";"1500";"1";"AH licht en sprankelend cranb framb"
"POS";"8718906996229";"Refresco";"20191230000000";"0";"0";"1500";"1";"AH licht en sprankelend citr limoen"
"POS";"8710624296407";"Dalphin";"20191230000000";"0";"0";"1500";"1";"G'woon mineraalwater kzv         NL"
"POS";"8710624296469";"Dalphin";"20191230000000";"0";"0";"1500";"1";"G'woon mineraalwater kzh         NL"
"POS";"8710624296438";"Dalphin";"20191230000000";"0";"0";"1500";"1";"G'woon mineraalwater medium kz   NL"
"POS";"8710624296247";"Dalphin";"20191230000000";"0";"0";"1500";"1";"G'woon mineraalwater kzh citroen NL"
"POS";"8710624296339";"Dalphin";"20191230000000";"0";"0";"1500";"1";"G'woon mineraalwater kzh munt    NL"
"POS";"8710624296278";"Dalphin";"20191230000000";"0";"0";"1500";"1";"G'woon mineraalwater kzh bosbes  NL"
"POS";"8710624296308";"Dalphin";"20191230000000";"0";"0";"1500";"1";"G'woon min water kzh framboos    NL"
"POS";"8710624454357";"Dalphin";"20191230000000";"0";"0";"1500";"1";"PLUS mineraalwater kzv           NL"
"POS";"8710624454401";"Dalphin";"20191230000000";"0";"0";"1500";"1";"PLUS mineraalwater kzh           NL"
"POS";"8710624454388";"Dalphin";"20191230000000";"0";"0";"1500";"1";"PLUS mineraalwater medium kz     NL"
"POS";"8710624454197";"Dalphin";"20191230000000";"0";"0";"1500";"1";"PLUS mineraalwater kzh citroen   NL"
"POS";"8710624454258";"Dalphin";"20191230000000";"0";"0";"1500";"1";"PLUS mineraalwater kzh munt      NL"
"POS";"8710624454227";"Dalphin";"20191230000000";"0";"0";"1500";"1";"PLUS mineraalwater kzh framboos  NL"
"POS";"8710871201865";"Dalphin";"20191230000000";"0";"0";"1500";"1";"Natural Cool mineraalwater kzv   NL"
"POS";"8710871201889";"Dalphin";"20191230000000";"0";"0";"1500";"1";"Natural Cool mineraalwater kzh   NL"
"POS";"8710871208383";"Dalphin";"20191230000000";"0";"0";"1500";"1";"Natural Cool min water medium kz NL"
"POS";"8710871201735";"Dalphin";"20191230000000";"0";"0";"1500";"1";"1 de Beste min water kzh citroen NL"
"POS";"8710871201797";"Dalphin";"20191230000000";"0";"0";"1500";"1";"1 de Beste min water kzh bosbes  NL"
"POS";"8710871201766";"Dalphin";"20191230000000";"0";"0";"1500";"1";"1 de Beste min water kzh framb   NL"
"POS";"87342666";"U.S.D.";"20191230000000";"0";"0";"1500";"1";"Bar le duc Limoen & Munt"
"POS";"5000112644654";"Coca-Cola";"20191230000000";"0";"0";"1000";"1";"CHAUDFONTAINE FUSION FRAMBOZEN/LIM."
"POS";"5000112645088";"Coca-Cola";"20191230000000";"0";"0";"1000";"1";"COCA-COLA ZERO PEACH"
"POS";"5000112645071";"Coca-Cola";"20191230000000";"0";"0";"1250";"1";"FUZETEA GREEN TEA BLUEBERRY JASMINE"
"POS";"5000112645392";"Coca-Cola";"20191230000000";"0";"0";"900";"1";"AQUARIUS HYDR BLOOD OR MAGNESIUM"
"POS";"8710624293482";"Refresco";"20191230000000";"0";"0";"1000";"1";"G'woon Tonic"
"POS";"8710624452872";"Refresco";"20191230000000";"0";"0";"1000";"1";"Plus Tonic"
"POS";"8710871199964";"Refresco";"20191230000000";"0";"0";"1000";"1";"1 de Beste Tonic"
"POS";"8710624293468";"Refresco";"20191230000000";"0";"0";"1000";"1";"G'woon Bitter Lemon"
"POS";"8710624452858";"Refresco";"20191230000000";"0";"0";"1000";"1";"Plus Bitter Lemon"
"POS";"8710871199940";"Refresco";"20191230000000";"0";"0";"1000";"1";"1 de Beste Bitter Lemon"
"POS";"8718452437122";"Refresco";"20191230000000";"0";"0";"1000";"1";"Jumbo Bitter lemon"
"POS";"8718452437146";"Refresco";"20191230000000";"0";"0";"1000";"1";"Jumbo Ginger ale"
"POS";"8718452437139";"Refresco";"20191230000000";"0";"0";"1000";"1";"Jumbo Tonic"
"POS";"8711200467198";"Unilever";"20191230000000";"0";"0";"2000";"1";"Lipton Green Ice Tea niet bruisend"
"POS";"0000003050010";"Tomra";"20200526000000";"0";"0";"2000";"1";"WILDCARD SPADEL 2 LITER"
"POS";"0000003059900";"Tomra";"20200526000000";"0";"0";"1500";"1";"WILDCARD COCA-COLA 1,5 LITER"
"POS";"0000003060900";"Tomra";"20200526000000";"0";"0";"1000";"1";"WILDCARD SPADEL 1 LITER"
"SUM";"1143";"3"
