"HDR";"015";"20210430161648"
"POS";"5449000097170";"Coca-Cola";"";"40000";"1000";"0";"0";"1";"0";"Coca-Cola light lem.       nrp"
"POS";"5449000125606";"Coca-Cola";"";"43000";"1000";"0";"0";"1";"0";"Coca-Cola light Lime       nrp"
"POS";"5449000125637";"Coca-Cola";"";"43000";"1000";"0";"0";"1";"0";"Coca-Cola Lime             nrp"
"POS";"5449000096333";"Coca-Cola";"";"43000";"1000";"0";"0";"1";"0";"Coca-Cola Vanilla          nrp"
"POS";"5449000037947";"Coca-Cola";"";"44000";"1000";"0";"0";"1";"0";"Fanta Fresh Apple          nrp"
"POS";"5449000000088";"Coca-Cola";"";"44000";"1000";"0";"0";"1";"0";"Fanta Lemon                nrp"
"POS";"5449000122896";"Coca-Cola";"";"44000";"1000";"0";"0";"1";"0";"Fanta Lemon light          nrp"
"POS";"5000112544565";"Coca-Cola";"";"54000";"1500";"0";"0";"1";"0";"Fanta Orange light         nrp"
"POS";"5449000090997";"Coca-Cola";"";"44000";"1000";"0";"0";"1";"0";"Fanta Orange light         nrp"
"POS";"5449000122933";"Coca-Cola";"";"44000";"1000";"0";"0";"1";"0";"Fanta Funky Pomelo"
"POS";"5449000122957";"Coca-Cola";"";"44000";"1000";"0";"0";"1";"0";"Fanta Pomelo light         nrp"
"POS";"5449000122919";"Coca-Cola";"";"44000";"1000";"0";"0";"1";"0";"Fanta Red Fruit            nrp"
"POS";"5449000050939";"Coca-Cola";"";"44000";"1000";"1";"0";"1";"0";"Sprite                     nrp"
"POS";"5449000027870";"Coca-Cola";"";"44000";"1000";"0";"0";"1";"0";"Sprite Zero                nrp"
"POS";"23002692";"Aldi";"20210630000000";"40000";"1500";"0";"0";"1";"0";"River Orange"
"POS";"23002708";"Aldi";"20210630000000";"40000";"1500";"0";"0";"1";"25";"River Lemon"
"POS";"23002777";"Aldi";"";"40000";"1500";"0";"0";"1";"0";"River Cola light"
"POS";"23002722";"Aldi";"";"40000";"1500";"0";"0";"1";"0";"River Cassis"
"POS";"23002715";"Aldi";"";"40000";"1500";"0";"0";"1";"0";"River cola"
"POS";"5449000006271";"Coca-Cola";"";"44000";"1000";"0";"0";"1";"0";"Fanta orange 1,0 ltr       nrp"
"POS";"5410013130000";"Spadel";"";"48000";"1500";"1";"0";"1";"0";"Spa MH"
"POS";"5410013120513";"Spadel";"";"44000";"1500";"0";"0";"1";"0";"Spa citron"
"POS";"5410013142645";"Spadel";"";"44000";"1500";"0";"0";"1";"0";"Spa orange"
"POS";"5410013145998";"Spadel";"";"44000";"1500";"0";"0";"1";"0";"Spa lem-cact"
"POS";"5410013161509";"Spadel";"";"44000";"1500";"0";"0";"1";"0";"Spa pomme"
"POS";"5410013170037";"Spadel";"";"44000";"1500";"0";"0";"1";"0";"Spa multi fruit "
"POS";"5410013140504";"Spadel";"";"44000";"1500";"0";"0";"1";"0";"Spa orange passion"
"POS";"5410013172550";"Spadel";"";"46000";"1500";"0";"0";"1";"0";"Spa rais blanc"
"POS";"8710642007139";"Coca-Cola";"";"40000";"1000";"0";"0";"1";"0";"Fern. Cherry Bouquet"
"POS";"8710642007115";"Coca-Cola";"";"40000";"1000";"0";"0";"1";"0";"Fern.Green Punch"
"POS";"8710642007108";"Coca-Cola";"";"42000";"1000";"0";"0";"1";"0";"Fern. Red Grape"
"POS";"8710642007146";"Coca-Cola";"";"40000";"1000";"0";"0";"1";"0";"Fern. Super Pineapple"
"POS";"8710642007122";"Coca-Cola";"";"40000";"1000";"0";"0";"1";"0";"Fern. Cream Ginger"
"POS";"8715600227499";"Vrumona";"";"43000";"1500";"0";"0";"1";"25";"Pepsi cola 1,5 ltr NRP"
"POS";"8722200950962";"U.S.D.";"";"90000";"1000";"0";"0";"1";"15";"Vruchtensiroop sinas r-p 1L"
"POS";"8722200950986";"U.S.D.";"";"90000";"1000";"0";"0";"1";"15";"Vruchtensiroop Cassis r-p 1"
"POS";"8722200951006";"U.S.D.";"";"90000";"1000";"0";"0";"1";"15";"Vruchtensiroop Aardb r-p 1L"
"POS";"8715600227123";"Vrumona";"";"41000";"1500";"0";"0";"1";"0";"CR.CLEAR PEACH 150 CL"
"POS";"8715600227345";"Vrumona";"";"42000";"1500";"0";"0";"1";"0";"DR PEPPER  150 CL"
"POS";"8715600227376";"Vrumona";"";"43000";"1500";"0";"0";"1";"0";"PEPSI MAX 150 CL."
"POS";"8715600227437";"Vrumona";"";"43000";"1500";"0";"0";"1";"0";"PC LIGHT  150 CL."
"POS";"8715600227550";"Vrumona";"";"43000";"1500";"0";"0";"1";"0";"MAX COOL LEMON 150 CL."
"POS";"8715600227581";"Vrumona";"";"36000";"1000";"0";"0";"1";"0";"RIV. GREEN 100 CL"
"POS";"8715600227673";"Vrumona";"";"38000";"1000";"0";"0";"1";"0";"SINAS LIGHT 100 CL"
"POS";"8715600227710";"Vrumona";"";"44000";"1000";"0";"0";"1";"0";"CRANBERRY 100 CL"
"POS";"8715600227734";"Vrumona";"";"36000";"1000";"0";"0";"1";"0";"CASSIS LIGHT 100 CL"
"POS";"8715600227895";"Vrumona";"";"38000";"1000";"0";"0";"1";"0";"SISI REGULAR 100 CL"
"POS";"8715600227932";"Vrumona";"";"41000";"1500";"0";"0";"1";"0";"RASPBERRY NB 150 CL."
"POS";"8715600228656";"Vrumona";"";"98000";"1500";"0";"0";"1";"0";"CR.CL. CITR/PASSIE 1,5l"
"POS";"8715600229066";"Vrumona";"";"90000";"1000";"0";"0";"1";"0";"SY SPR CRANB.APPEL 12x100 cl p"
"POS";"8715600229080";"Vrumona";"";"90000";"1000";"0";"0";"1";"0";"SY Spr LIMOEN APPEL 100cl prb"
"POS";"8715600229165";"Vrumona";"";"90000";"1000";"0";"0";"1";"0";"RIVELLA ROOD  12X100cl prb"
"POS";"5410013305491";"Spadel";"";"42000";"1250";"0";"0";"1";"0";"Bru bruizend water kzh"
"POS";"5410013340072";"Spadel";"";"42000";"1500";"0";"0";"1";"0";"Bru bruizend water kzv"
"POS";"5410013140580";"Spadel";"";"46000";"1500";"0";"0";"1";"0";"Spa&Fruit Fresh Lime"
"POS";"87222128";"U.S.D.";"";"40000";"1250";"0";"0";"1";"25";"Bar.le.Duc Kzv 1,25L Pet"
"POS";"87222135";"U.S.D.";"";"40000";"1250";"0";"0";"1";"25";"Bar.le.Duc Kzh 1,25L Pet"
"POS";"87222142";"U.S.D.";"";"40000";"1250";"1";"0";"1";"25";"Bar le Duc Citroen 1,25L"
"POS";"87222166";"U.S.D.";"";"40000";"1250";"0";"0";"1";"25";"Raak Framb. Gaz. 1,25L Pet"
"POS";"87222319";"U.S.D.";"";"42000";"1500";"0";"0";"1";"25";"Summit Orange 1,5L Pet"
"POS";"87222326";"U.S.D.";"";"42000";"1500";"0";"0";"1";"25";"Summit Cola 1,5L Pet"
"POS";"87222333";"U.S.D.";"";"42000";"1500";"0";"0";"1";"25";"Summit Drink 1,5L Pet"
"POS";"87222340";"U.S.D.";"";"42000";"1500";"0";"0";"1";"25";"Summit Cola Light 1,5L Pet"
"POS";"8710400446279";"U.S.D.";"";"29000";"1500";"0";"0";"1";"25";"AH Cassis 1,5L Pet"
"POS";"8710400446286";"U.S.D.";"";"29000";"1500";"0";"0";"1";"25";"AH Cola Light 1,5L Pet"
"POS";"8710400446293";"U.S.D.";"";"29000";"1500";"0";"0";"1";"25";"AH Cola Regular 1,5L Pet"
"POS";"8710400446347";"U.S.D.";"";"29000";"1500";"0";"0";"1";"25";"AH IJsthee Light 1,5L Pet"
"POS";"8710400446354";"U.S.D.";"";"29000";"1500";"0";"0";"1";"25";"AH IJsthee Sprankelend 1,5L"
"POS";"8710400446385";"U.S.D.";"";"29000";"1500";"0";"0";"1";"25";"AH Lemon-Lime light 1,5L"
"POS";"8710400446392";"U.S.D.";"";"29000";"1500";"0";"0";"1";"25";"AH  Lemon-Lime Regular 1,5L"
"POS";"8710400446408";"U.S.D.";"";"29000";"1500";"0";"0";"1";"25";"AH Sinas Light 1,5L Pet"
"POS";"8710400446415";"U.S.D.";"";"29000";"1500";"0";"0";"1";"25";"AH Sinas Regular 1,5L Pet"
"POS";"8710400446644";"U.S.D.";"";"29000";"1500";"0";"0";"1";"25";"AH Cola Caf.Free 1,5L Pet"
"POS";"8710458009204";"U.S.D.";"";"29000";"1500";"0";"0";"1";"25";"Markant Sinas 1,5L Pet"
"POS";"8710458009211";"U.S.D.";"";"29000";"1500";"0";"0";"1";"25";"Markant Drink 1,5L Pet"
"POS";"8710458009228";"U.S.D.";"";"29000";"1500";"0";"0";"1";"25";"Markant Cola 1,5L Pet"
"POS";"8710458009235";"U.S.D.";"";"29000";"1500";"0";"0";"1";"25";"Markant Cassis 1,5L Pet"
"POS";"8710624021061";"U.S.D.";"";"29000";"1500";"0";"0";"1";"25";"Perfect Sinas 1,5L Pet"
"POS";"8710624021085";"U.S.D.";"";"29000";"1500";"0";"0";"1";"25";"Perfect Drink 1,5L Pet"
"POS";"8710624021108";"U.S.D.";"";"29000";"1500";"0";"0";"1";"25";"Perfect Cola 1,5L Pet"
"POS";"8710624021122";"U.S.D.";"";"29000";"1500";"0";"0";"1";"25";"Perfect Cassis 1,5L Pet"
"POS";"8710624021146";"U.S.D.";"";"29000";"1500";"0";"0";"1";"25";"Perfect Cola Light 1,5L Pet"
"POS";"8710624021160";"U.S.D.";"";"29000";"1500";"0";"0";"1";"25";"Perfect Sinas Light 1,5 Pet"
"POS";"8710624921354";"U.S.D.";"";"29000";"1500";"0";"0";"1";"25";"Plus Lemon 1,5L Pet"
"POS";"8710933092578";"U.S.D.";"";"29000";"1500";"0";"0";"1";"25";"O'lacy Cola 1,5L Pet"
"POS";"8710933092585";"U.S.D.";"";"29000";"1500";"0";"0";"1";"25";"O'lacy Cola Light 1,5L Pet"
"POS";"8710933092592";"U.S.D.";"";"29000";"1500";"0";"0";"1";"25";"O'lacy Drink 1,5L Pet"
"POS";"8710933092608";"U.S.D.";"";"29000";"1500";"0";"0";"1";"25";"O'lacy Sinas 1,5L Pet"
"POS";"8710933092615";"U.S.D.";"";"29000";"1500";"0";"0";"1";"25";"O'lacy Sinas Light 1,5L Pet"
"POS";"8710933092677";"U.S.D.";"";"29000";"1500";"0";"0";"1";"25";"O'lacy Cassis 1,5L pet"
"POS";"8715600229202";"Vrumona";"";"41000";"1500";"0";"0";"1";"0";"PET 150cl CRYSTAL CLEAR CHERRY"
"POS";"8715600229226";"Vrumona";"";"46000";"1000";"0";"0";"1";"0";"PET 100cl SOURCY SPRS.CRA/APP "
"POS";"8715600229240";"Vrumona";"";"46000";"1000";"0";"0";"1";"0";"SOURCY SPRS.LIM/APP 1,0 "
"POS";"8715600229264";"Vrumona";"";"38000";"1000";"0";"0";"1";"0";"PET 100cl RIVELLA ROOD      12"
"POS";"8715600229288";"Vrumona";"";"36000";"1000";"0";"0";"1";"15";"PET 100cl PEPSI MAX         12"
"POS";"8722200951266";"U.S.D.";"";"29000";"1500";"0";"0";"1";"25";"Euroshopper Cola 1,5L Pet"
"POS";"8722200951273";"U.S.D.";"";"29000";"1500";"0";"0";"1";"25";"Euroshopper Cola Light 1,5L"
"POS";"8722200951280";"U.S.D.";"";"29000";"1500";"0";"0";"1";"25";"Euroshopper Orange 1,5L Pet"
"POS";"8722200951297";"U.S.D.";"";"29000";"1500";"0";"0";"1";"25";"Euroshopper Drink 1,5L Pet"
"POS";"9006378633452";"Drinks & Liquors B.V.";"";"38000";"1500";"0";"0";"1";"0";"Red Oktober Energy 1,5 ltr"
"POS";"8710408101590";"U.S.D.";"";"98000";"1500";"0";"0";"1";"25";"C 1000 cola light"
"POS";"8715600229929";"Vrumona";"";"41000";"1500";"0";"0";"1";"0";"Crystal Clear Peach 1,5 ltr"
"POS";"3068320049502";"BSB";"";"34000";"1500";"3";"0";"1";"0";"Evian 1,5 ltr"
"POS";"8715600227048";"Vrumona";"";"41000";"1500";"0";"0";"1";"0";"Crystal Clear Lemon"
"POS";"8715600229141";"Vrumona";"";"98000";"1500";"0";"0";"1";"0";"Crystal Clear Sparkling Cherry"
"POS";"8710624024512";"Topbronnen";"";"38000";"1500";"0";"0";"1";"0";"Bon Vital bruisend water"
"POS";"8710624024536";"Topbronnen";"";"38000";"1500";"0";"0";"1";"0";"Bon Vital plat water"
"POS";"5411118105078";"Topbronnen";"";"38000";"1500";"0";"0";"1";"0";"Eigen product bruisend water"
"POS";"5411118105092";"Topbronnen";"";"38000";"1500";"0";"0";"1";"0";"Top bronwater KZV"
"POS";"23002678";"Aldi";"";"40000";"1500";"0";"0";"1";"0";"RIVER BRONWATER"
"POS";"8809041422305";"Engel Foreign Food bv";"";"66000";"1500";"0";"0";"1";"0";"Aloe Vera Lychee"
"POS";"8809041422312";"Engel Foreign Food bv";"";"66000";"1500";"0";"0";"1";"0";"Aloe Vera Peach"
"POS";"8809041422329";"Engel Foreign Food bv";"";"66000";"1500";"0";"0";"1";"0";"Aloe Vera Pineapple"
"POS";"8715600229875";"Vrumona";"";"43000";"1500";"1";"0";"1";"0";"7-UP FREE XTRA BITE"
"POS";"0742782211938";"Engel Foreign Food bv";"";"40000";"1000";"0";"0";"1";"0";"Gosa Fria"
"POS";"8710933097207";"U.S.D.";"";"29000";"1500";"0";"0";"1";"25";"O'lacy light drink"
"POS";"3830000160827";"Gejo Trading BV";"";"38000";"1500";"0";"0";"1";"0";"Bleu tornado"
"POS";"3068320011066";"BSB";"";"30000";"1000";"3";"0";"1";"0";"EVIAN 1,0 LTR"
"POS";"5410013140573";"Spadel";"";"44000";"1500";"0";"0";"1";"0";"Spa Citron"
"POS";"5410013140559";"Spadel";"";"44000";"1500";"0";"0";"1";"0";"Spa & Fruit Orange"
"POS";"5410013140566";"Spadel";"";"44000";"1500";"0";"0";"1";"0";"Spa & Fruit Lemon-Cactus"
"POS";"23001053";"Aldi";"";"40000";"1500";"0";"0";"1";"0";"River orange light"
"POS";"8710458010637";"U.S.D.";"";"29000";"1500";"0";"0";"1";"25";"Markant Sinas Light"
"POS";"87222722";"U.S.D.";"";"42000";"1500";"0";"0";"1";"25";"Summit cassis"
"POS";"5449000957122";"Coca-Cola";"";"54000";"1500";"0";"0";"1";"0";"Fanta Pomelo Light"
"POS";"5000112562194";"Coca-Cola";"";"54000";"1500";"0";"0";"1";"0";"Fanta Lemon Light"
"POS";"5449000958976";"Coca-Cola";"";"54000";"1500";"0";"0";"1";"0";"Fanta Red Fruit"
"POS";"5000112554502";"Coca-Cola";"";"45000";"1500";"1";"0";"1";"0";"Sprite"
"POS";"23002685";"Aldi";"";"40000";"1500";"0";"0";"1";"0";"River Bronwater"
"POS";"5410013145509";"Spadel";"";"44000";"1500";"0";"0";"1";"0";"Spa&Fruit lemon/cactus"
"POS";"5410013120001";"Spadel";"";"44000";"1500";"0";"0";"1";"0";"Spa citroen vit C"
"POS";"5410013142003";"Spadel";"";"44000";"1500";"0";"0";"1";"0";"Spa&Fruit orange"
"POS";"8713500078135";"Vrumona";"";"98000";"1500";"0";"0";"1";"0";"Crystal clear apple "
"POS";"8722200952577";"U.S.D.";"";"118000";"1500";"0";"0";"1";"25";"Bar le duc fruite citron"
"POS";"8715600225020";"Vrumona";"";"90000";"1000";"0";"0";"1";"0";"Royal club lemon mandarin "
"POS";"8722200952621";"U.S.D.";"";"110000";"1500";"0";"0";"1";"25";"Bar le Duc fruite bessenappel "
"POS";"87311266";"Vrumona";"";"46000";"1000";"0";"0";"1";"0";"Sourcy Stil munt (KZV)"
"POS";"87311273";"Vrumona";"";"46000";"1000";"0";"0";"1";"0";"Sourcy Stil citroen (KZV)"
"POS";"87311259";"Vrumona";"";"46000";"1000";"0";"0";"1";"0";"Sourcy Licht Sprankelend (KZH)"
"POS";"87311235";"Vrumona";"";"46000";"1000";"0";"0";"1";"0";"Sourcy Sprankelend munt (KZH)"
"POS";"8715600223699";"Vrumona";"";"92000";"1000";"0";"0";"1";"0";"Royal Club citruz NL"
"POS";"5410013339502";"Spadel";"";"42000";"1250";"0";"0";"1";"0";"Bru natuurlijk mineraalwater "
"POS";"8710624045173";"Topbronnen";"";"38000";"1500";"0";"0";"1";"25";"Perfekt Ice tea regular "
"POS";"8710624045159";"Topbronnen";"";"38000";"1500";"0";"0";"1";"0";"Perfekt Ice tea light"
"POS";"8710933105346";"Topbronnen";"";"38000";"1500";"0";"0";"1";"0";"O'Lacy's Ice tea regular"
"POS";"8710933105360";"Topbronnen";"";"38000";"1500";"0";"0";"1";"0";"O'Lacy's Ice tea light"
"POS";"8710458012174";"Topbronnen";"";"38000";"1500";"0";"0";"1";"0";"Markant Ice tea regular"
"POS";"8710458012167";"Topbronnen";"";"38000";"1500";"0";"0";"1";"0";"Markant Ice tea light"
"POS";"8710933106220";"Topbronnen";"";"38000";"1500";"0";"0";"1";"0";"O'Lacy's limonade orange KZV"
"POS";"8710933106244";"Topbronnen";"";"38000";"1500";"0";"0";"1";"0";"O'Lacy's limonade lemon KZV"
"POS";"87222180";"U.S.D.";"";"40000";"1250";"1";"0";"1";"25";"Bar Le Duc met frambosen "
"POS";"5449000142818";"Coca-Cola";"";"41000";"1000";"0";"0";"1";"0";"Fanta zero orange 1,0 ltr"
"POS";"8711576082711";"Topbronnen";"";"38000";"1500";"0";"0";"1";"0";"ARO water plat"
"POS";"8711576082728";"Topbronnen";"";"38000";"1500";"0";"0";"1";"0";"ARO water bruis"
"POS";"8711576082759";"Topbronnen";"";"38000";"1500";"0";"0";"1";"0";"ARO cola"
"POS";"8711576082766";"Topbronnen";"";"38000";"1500";"0";"0";"1";"0";"ARO orange"
"POS";"8711576082773";"Topbronnen";"";"38000";"1500";"0";"0";"1";"0";"ARO lemon"
"POS";"8710624949150";"Topbronnen";"";"38000";"1500";"0";"0";"1";"0";"PLUS ice tea regular"
"POS";"8710624962197";"Topbronnen";"";"38000";"1500";"0";"0";"1";"0";"PLUS ice tea light"
"POS";"8715600231212";"Vrumona";"";"41000";"1500";"0";"0";"1";"0";"Sisi Fruit water orange "
"POS";"8715600230932";"Vrumona";"";"36000";"1000";"0";"0";"1";"0";"Crystal Clear Shine Cranberry "
"POS";"8715600230918";"Vrumona";"";"36000";"1000";"0";"0";"1";"0";"Crystal Clear Shine ap-jasm"
"POS";"8715600231199";"Vrumona";"";"41000";"1500";"0";"0";"1";"0";"Sisi fruit water strawberry"
"POS";"8722200950863";"U.S.D.";"";"90000";"1500";"0";"0";"1";"25";"Cathareine nat min water kzh"
"POS";"5410013123002";"Spadel";"";"46000";"1500";"0";"0";"1";"0";"Spa citron + ginger"
"POS";"5410013121503";"Spadel";"";"44000";"1500";"0";"0";"1";"0";"Spa citron + mint"
"POS";"87222012";"U.S.D.";"";"42000";"1500";"0";"0";"1";"25";"Bar le Duc Red Fruit"
"POS";"87222036";"U.S.D.";"";"42000";"1500";"0";"0";"1";"25";"Bar le Duc Orange Mango"
"POS";"87222029";"U.S.D.";"";"42000";"1500";"0";"0";"1";"25";"Bar le Duc Pink Grapefruit"
"POS";"87222630";"U.S.D.";"";"42000";"1500";"0";"0";"1";"25";"Bar le Duc koolzuurvrij "
"POS";"87222654";"U.S.D.";"";"42000";"1500";"0";"0";"1";"25";"Bar le Duc koolzuurhoudend"
"POS";"8710624020514";"Refresco";"";"40000";"1500";"0";"0";"1";"0";"LUNTA ORANGE"
"POS";"8710624020538";"Refresco";"";"40000";"1500";"0";"0";"1";"0";"LUNTA ORANGE LIGHT"
"POS";"8710624028176";"Refresco";"";"43000";"1500";"0";"0";"1";"0";"First Choice cola lemon light"
"POS";"8710624028213";"Refresco";"";"43000";"1500";"0";"0";"1";"0";"First Choice cola regular"
"POS";"8710624028190";"Refresco";"";"43000";"1500";"0";"0";"1";"0";"First Choice cola light"
"POS";"8710624028152";"Refresco";"";"43000";"1500";"0";"0";"1";"0";"First Choice cola light caf fr"
"POS";"8714800017787";"Refresco";"";"36000";"1500";"0";"0";"1";"0";"Highway Orange"
"POS";"8714800017817";"Refresco";"";"36000";"1500";"0";"0";"1";"0";"Highway Lemon lime"
"POS";"8714800017824";"Refresco";"";"36000";"1500";"0";"0";"1";"0";"Highway cola"
"POS";"8710406207430";"Refresco";"";"36000";"1500";"0";"0";"1";"0";"REAL AMERICAN COLA REG."
"POS";"8710406207447";"Refresco";"";"36000";"1500";"0";"0";"1";"0";"REAL AMERICAN COLALIGHT"
"POS";"8710871018517";"Refresco";"";"40000";"1500";"0";"0";"1";"0";"PET 150cl REAL COOL COLA LIGHT"
"POS";"8710406207485";"Refresco";"";"40000";"1500";"0";"0";"1";"0";"PET 150cl ORANGE"
"POS";"8710406207508";"Refresco";"";"40000";"1500";"0";"0";"1";"0";"PET 150cl LEMON LIME"
"POS";"8710406207492";"Refresco";"";"40000";"1500";"0";"0";"1";"0";"PET 150cl ORANGE LIGHT"
"POS";"8710871018371";"Refresco";"";"40000";"1500";"0";"0";"1";"0";"PET 150cl REAL COOL COLA"
"POS";"8714800017695";"Refresco";"";"40000";"1500";"0";"0";"1";"0";"PET 150cl 3-ES COLA"
"POS";"8714800017701";"Refresco";"";"40000";"1500";"0";"0";"1";"0";"PET 150cl 3-ES LEMON LIME"
"POS";"8714800017725";"Refresco";"";"40000";"1500";"0";"0";"1";"0";"PET 150cl 3-ES CASSIS"
"POS";"8713500007647";"Refresco";"";"43000";"1500";"0";"0";"1";"0";"PET 150cl HERO CASSIS [0325]"
"POS";"8713500007654";"Refresco";"";"43000";"1500";"0";"0";"1";"0";"PET 150cl HERO CASSIS LIGHT [4"
"POS";"8713500007661";"Refresco";"";"46000";"1000";"0";"0";"1";"0";"PET 100cl HERO CERISE [4873]"
"POS";"8710871018791";"Refresco";"";"40000";"1500";"0";"0";"1";"0";"PET 150cl REAL COOL DRINK"
"POS";"8710406207478";"Refresco";"";"40000";"1000";"0";"0";"1";"0";"PET 100cl CASSIS"
"POS";"8710406207454";"Refresco";"";"40000";"1500";"0";"0";"1";"0";"PET 150cl REAL AM.COLALIGHT LE"
"POS";"8710406207461";"Refresco";"";"44000";"1500";"0";"0";"1";"0";"PET 150cl REAL AM.COLA VANILLE"
"POS";"8714800017794";"Refresco";"";"36000";"1500";"0";"0";"1";"0";"PET 150cl HIGHWAY COLA LIGHT"
"POS";"8710406207416";"Refresco";"";"40000";"1500";"0";"0";"1";"0";"PET 150cl ICE TEA CITROEN"
"POS";"8710406207423";"Refresco";"";"40000";"1500";"0";"0";"1";"0";"PET 150cl ICE TEA CITROEN LIGH"
"POS";"8713500007678";"Refresco";"";"43000";"1500";"0";"0";"1";"0";"PET 150cl HERO ORANGE [18640]"
"POS";"8714800017732";"Refresco";"";"40000";"1500";"0";"0";"1";"0";"PET 150cl 3-ES SINAS NW"
"POS";"8722700056515";"Refresco";"";"44000";"1500";"0";"0";"1";"0";"PET 150cl L.I.T. REG."
"POS";"8722700056522";"Refresco";"";"44000";"1500";"0";"0";"1";"0";"PET 150cl L.I.T. LIGHT"
"POS";"8722700133315";"Refresco";"";"44000";"1500";"0";"0";"1";"0";"PET 150cl L.I.T. LEMON"
"POS";"8710871018654";"Refresco";"";"40000";"1500";"0";"0";"1";"0";"PET 150cl REAL COOL SINAS 6%"
"POS";"8710671090119";"Refresco";"";"40000";"1500";"0";"0";"1";"0";"PET 150cl AMERICAN COLA"
"POS";"8710406209564";"Refresco";"";"40000";"1500";"0";"0";"1";"0";"PET 150cl CASSIS"
"POS";"8713500007685";"Refresco";"";"43000";"1500";"0";"0";"1";"0";"PET 150cl HERO PERL"
"POS";"8710400446378";"Refresco";"";"40000";"1500";"0";"0";"1";"0";"PET 150cl IJSTHEE W.DRUIF-HIBI"
"POS";"8726900232601";"Refresco";"";"40000";"1500";"0";"0";"1";"0";"PET 150cl COLA"
"POS";"8726900232595";"Refresco";"";"40000";"1500";"0";"0";"1";"0";"PET 150cl COLA LIGHT"
"POS";"8726900232588";"Refresco";"";"40000";"1500";"0";"0";"1";"0";"PET 150cl ORANGE"
"POS";"8726900232571";"Refresco";"";"40000";"1500";"0";"0";"1";"0";"PET 150cl ORANGE LIGHT"
"POS";"8726900232625";"Refresco";"";"40000";"1500";"0";"0";"1";"0";"PET 150cl LEMON LIME"
"POS";"8726900232632";"Refresco";"";"40000";"1500";"0";"0";"1";"0";"PET 150cl LEMON LIME LIGHT"
"POS";"8710624021023";"Refresco";"";"43000";"1500";"0";"0";"1";"0";"PET 150cl FC COLA"
"POS";"8710624020972";"Refresco";"";"43000";"1500";"0";"0";"1";"0";"PET 150cl FC COLA LIGHT"
"POS";"8710624020958";"Refresco";"";"43000";"1500";"0";"0";"1";"0";"PET 150cl FC COLA LEMON LIGHT"
"POS";"8710624020996";"Refresco";"";"43000";"1500";"0";"0";"1";"0";"PET 150cl FC COLA LIGHT CAF.FR"
"POS";"8710400340072";"Refresco";"";"98000";"1500";"0";"0";"1";"0";"AH ijsthee citroen 1,5 ltr"
"POS";"8713400027806";"Refresco";"";"98000";"1500";"0";"0";"1";"0";"HE bron springwater"
"POS";"8713400022160";"Refresco";"";"98000";"1500";"0";"0";"1";"0";"He bron bronwater met klz"
"POS";"8710400340096";"Refresco";"";"98000";"1500";"0";"0";"1";"0";"AH ijsthee perzik 1,5 ltr"
"POS";"8722700133681";"Refresco";"";"44000";"1500";"0";"0";"1";"0";"LIPTON AGRUME"
"POS";"8710933097559";"Refresco";"";"36000";"1500";"0";"0";"1";"0";"O'lacy clear peach"
"POS";"8710933097573";"Refresco";"";"36000";"1500";"0";"0";"1";"0";"O'lacy clear lemon"
"POS";"8710847310515";"Refresco";"";"90000";"1000";"0";"0";"1";"0";"Lipton Ice tea sparkling"
"POS";"8714800017718";"Refresco";"";"40000";"1500";"0";"0";"1";"0";"PET 150cl 3-ES Cola Light"
"POS";"8710406089449";"Refresco";"";"36000";"1500";"0";"0";"1";"0";"SdB Zuiver Water kzh "
"POS";"8710406089432";"Refresco";"";"36000";"1500";"0";"0";"1";"0";"SdB Zuiver Water kzv "
"POS";"8710871062640";"Refresco";"";"36000";"1500";"0";"0";"1";"0";"Natural cool water kzv"
"POS";"8710871062787";"Refresco";"";"36000";"1500";"0";"0";"1";"0";"Natural cool water kzh"
"POS";"8713500078234";"Refresco";"";"116000";"1500";"0";"0";"1";"0";"Hero pink grapefruit "
"POS";"8714800005623";"Refresco";"";"90000";"1000";"0";"0";"1";"0";"Tafelwater Aqua Viva"
"POS";"8713500007999";"Refresco";"";"43000";"1250";"0";"0";"1";"0";"Hero Framboise"
"POS";"8710671113955";"Refresco";"";"36000";"1500";"0";"0";"1";"0";"Spar American cola 1,5 ltr"
"POS";"8710624000257";"Refresco";"";"114000";"1500";"0";"0";"1";"0";"First Choice lemon light"
"POS";"8714800012157";"Refresco";"";"114000";"1500";"0";"0";"1";"0";"3 Es cola light"
"POS";"8713500078142";"Refresco";"";"112000";"1500";"0";"0";"1";"0";"Crystal Clear sparkling peach "
"POS";"8710406093309";"Refresco";"";"36000";"1500";"0";"0";"1";"0";"SdB Cola Black "
"POS";"8710624066109";"Refresco";"";"43000";"1500";"0";"0";"1";"0";"First Choice No Sugar"
"POS";"8710624063948";"Topbronnen";"";"38000";"1500";"0";"0";"1";"0";"KZV limonade orange 1,5L"
"POS";"8710408129815";"Refresco";"";"36000";"1500";"0";"0";"1";"0";"C-1000 Water met Koolzuur"
"POS";"8710408129822";"Refresco";"";"36000";"1500";"0";"0";"1";"0";"C-1000 Water zonder Koolzuur"
"POS";"8714800001496";"Refresco";"";"40000";"1500";"0";"0";"1";"0";"3 Es sinas"
"POS";"8710933066319";"U.S.D.";"";"90000";"1000";"0";"0";"1";"15";"O'Lacy's bronwater"
"POS";"8711442600254";"Vrumona";"";"112000";"1500";"0";"0";"1";"0";"Dr Pepper light "
"POS";"8711900004952";"Refresco";"";"36000";"1500";"0";"0";"1";"0";"E sinas"
"POS";"8711900004976";"Refresco";"";"36000";"1500";"0";"0";"1";"0";"E Lemon Lime"
"POS";"8711900004938";"Refresco";"";"36000";"1500";"0";"0";"1";"0";"E cola light"
"POS";"8711900004914";"Refresco";"";"36000";"1500";"0";"0";"1";"0";"E cola"
"POS";"3068320048505";"BSB";"";"35000";"1500";"3";"0";"1";"0";"Evian 1,5 ltr"
"POS";"8710458013874";"U.S.D.";"";"29000";"1500";"0";"0";"1";"25";"Markant cola light"
"POS";"8710458014185";"U.S.D.";"";"29000";"1500";"0";"0";"1";"25";"Markant lemon & lime light"
"POS";"8710624071240";"U.S.D.";"";"29000";"1500";"0";"0";"1";"25";"Perfekt lemon & lime light"
"POS";"5410033820455";"Refresco";"";"44000";"1500";"0";"0";"1";"0";"Lipton Ice Tea sparkling"
"POS";"8710408139173";"Refresco";"";"36000";"1500";"0";"0";"1";"0";"C1000 BASIS LEMON"
"POS";"8710408139142";"Refresco";"";"36000";"1500";"0";"0";"1";"0";"C1000 BASIS ORANGE"
"POS";"8710408139166";"Refresco";"";"36000";"1500";"0";"0";"1";"0";"C1000 BASIS COLA LIGHT"
"POS";"8710408139159";"Refresco";"";"36000";"1500";"0";"0";"1";"0";"C1000 BASIS COLA "
"POS";"8710624063962";"Topbronnen";"";"38000";"1500";"0";"0";"1";"0";"Deen KZV limonade Lemon "
"POS";"8710406097888";"Topbronnen";"";"38000";"1500";"0";"0";"1";"0";"SDB Helder&Fris lemon"
"POS";"8710406097871";"Topbronnen";"";"38000";"1500";"0";"0";"1";"0";"SDB Helder&Fris perzik"
"POS";"5449000102379";"Coca-Cola";"";"44000";"1500";"0";"0";"1";"0";"Dr. Pepper"
"POS";"5449000044679";"Coca-Cola";"";"47000";"1500";"0";"0";"1";"0";"Schweppes tonic"
"POS";"5449000167330";"Coca-Cola";"";"47000";"1500";"0";"0";"1";"0";"Schweppes tonic light"
"POS";"5449000044709";"Coca-Cola";"";"47000";"1500";"0";"0";"1";"0";"Schweppes bitter lemon"
"POS";"5449000167354";"Coca-Cola";"";"47000";"1500";"0";"0";"1";"0";"Schweppes bitter lemon light"
"POS";"5449000085481";"Coca-Cola";"";"47000";"1500";"0";"0";"1";"0";"Schweppes ginger ale"
"POS";"5449000167552";"Coca-Cola";"";"47000";"1500";"0";"0";"1";"0";"Schweppes tropical fusion"
"POS";"5449000167590";"Coca-Cola";"";"47000";"1500";"0";"0";"1";"0";"Schweppes citrus fusion"
"POS";"8713500008002";"Refresco";"";"43000";"1250";"0";"0";"1";"0";"Hero Pomme grenade"
"POS";"8710408139531";"Refresco";"";"36000";"1500";"0";"0";"1";"0";"C1000 clear lemon"
"POS";"8710408139548";"Refresco";"";"36000";"1500";"0";"0";"1";"0";"C1000 Pomegranaat"
"POS";"8710408139449";"Refresco";"";"36000";"1500";"0";"0";"1";"0";"C1000 Ice Tea Light"
"POS";"8710408139432";"Refresco";"";"36000";"1500";"0";"0";"1";"0";"C1000 Ice Tea Regular"
"POS";"8710408139425";"Refresco";"";"36000";"1500";"0";"0";"1";"0";"C1000 Multivitanin"
"POS";"8710408139418";"Refresco";"";"36000";"1500";"0";"0";"1";"0";"C1000 Red Orange"
"POS";"8710408139524";"Refresco";"";"36000";"1500";"0";"0";"1";"0";"C1000 clear peach"
"POS";"5411118020098";"Topbronnen";"";"38000";"1500";"0";"0";"1";"0";"Koningsbronnen KZV 1,5L"
"POS";"8712631818771";"Topbronnen";"";"38000";"1500";"0";"0";"1";"0";"Faja Lobi Green Punch 1,5L"
"POS";"8712631817439";"Topbronnen";"";"38000";"1500";"0";"0";"1";"0";"Faja Lobi Cherry Bouquet 1,5L"
"POS";"5411118020159";"Topbronnen";"";"38000";"1500";"0";"0";"1";"0";"Koningsbronnen KZH 1,5L"
"POS";"8717775812456";"Topbronnen";"";"38000";"1500";"0";"0";"1";"0";"Euroshopper Lemon 1,5L"
"POS";"8717775812395";"Topbronnen";"";"38000";"1500";"0";"0";"1";"0";"Euroshopper Cola Regular 1,5L"
"POS";"8717775812418";"Topbronnen";"";"38000";"1500";"0";"0";"1";"0";"Euroshopper Cola Light 1,5L"
"POS";"8717775812432";"Topbronnen";"";"38000";"1500";"0";"0";"1";"0";"Euroshopper Orange 1,5L"
"POS";"8722200950979";"U.S.D.";"";"94000";"1000";"0";"0";"1";"15";"Raak siroop Reine Claude"
"POS";"8722200950993";"U.S.D.";"";"94000";"1000";"0";"0";"1";"15";"Raak siroop multivruchten"
"POS";"8711715873736";"Refresco";"";"36000";"1500";"0";"0";"1";"0";"Jumbo lemon light"
"POS";"8711715872838";"Refresco";"";"36000";"1500";"0";"0";"1";"0";"Jumbo clear lemon"
"POS";"8711715873453";"Refresco";"";"36000";"1500";"0";"0";"1";"0";"Jumbo cola"
"POS";"8711715873477";"Refresco";"";"36000";"1500";"0";"0";"1";"0";"Jumbo cola light"
"POS";"8711715873743";"Refresco";"";"36000";"1500";"0";"0";"1";"0";"Jumbo cassis"
"POS";"8711715873644";"Refresco";"";"36000";"1500";"0";"0";"1";"0";"Jumbo sinas"
"POS";"8711715873668";"Refresco";"";"36000";"1500";"0";"0";"1";"0";"Jumbo sinas light"
"POS";"8711715873729";"Refresco";"";"36000";"1500";"0";"0";"1";"0";"Jumbo lemon"
"POS";"8711715872852";"Refresco";"";"36000";"1500";"0";"0";"1";"0";"Jumbo clear peach"
"POS";"8718114795133";"Refresco";"";"44000";"1500";"0";"0";"1";"0";"Lipton Ice Tea sparkling"
"POS";"8718114798974";"Refresco";"";"44000";"1500";"0";"0";"1";"0";"Lipton Ice Lemon light"
"POS";"8718114795317";"Refresco";"";"44000";"1500";"0";"0";"1";"0";"Lipton Ice light"
"POS";"8713500008408";"Refresco";"";"43000";"1250";"0";"0";"1";"0";"Hero Mandarijn"
"POS";"8710400632634";"Refresco";"";"36000";"1500";"0";"0";"1";"0";"AH helder peach"
"POS";"8710400632610";"Refresco";"";"36000";"1500";"0";"0";"1";"0";"AH helder lemon"
"POS";"87222906";"U.S.D.";"";"42000";"1500";"0";"0";"1";"25";"BLD citroen "
"POS";"8710871086356";"Refresco";"";"36000";"1500";"0";"0";"1";"0";"DB clear lemon"
"POS";"8710871086332";"Refresco";"";"36000";"1500";"0";"0";"1";"0";"DB clear perzik"
"POS";"8710408150444";"Refresco";"";"36000";"1500";"0";"0";"1";"0";"C1000 Basis Cassis light"
"POS";"8710408150505";"Refresco";"";"36000";"1500";"0";"0";"1";"0";"C1000 Cola no sugar"
"POS";"8710408150420";"Refresco";"";"36000";"1500";"0";"0";"1";"0";"C1000 Basis Cassis"
"POS";"8710871091534";"Topbronnen";"";"38000";"1500";"0";"0";"1";"0";"1 De Beste Ice Tea regular"
"POS";"8710871091527";"Topbronnen";"";"38000";"1500";"0";"0";"1";"0";"1 De Beste Ice Tea light"
"POS";"8711715867827";"Topbronnen";"";"38000";"1500";"0";"0";"1";"0";"Jumbo Ice Tea light"
"POS";"8711715867810";"Topbronnen";"";"38000";"1500";"0";"0";"1";"0";"Jumbo Ice Tea regular"
"POS";"8710624076665";"Refresco";"";"36000";"1500";"0";"0";"1";"0";"Perfect Clear Citroen "
"POS";"8710458014741";"Refresco";"";"36000";"1500";"0";"0";"1";"0";"Markant Clear Perzik"
"POS";"8710624076689";"Refresco";"";"36000";"1500";"0";"0";"1";"0";"Perfekt clear perzik"
"POS";"8710458014734";"Refresco";"";"36000";"1500";"0";"0";"1";"0";"Markant Clear Lemon"
"POS";"5410013177005";"Spadel";"";"44000";"1500";"0";"0";"1";"0";"Spa Fruit Raspberry "
"POS";"5410013177500";"Spadel";"";"44000";"1500";"0";"0";"1";"0";"Spa Fruit Pink Grapefruit "
"POS";"8711715888327";"Topbronnen";"";"38000";"1500";"0";"0";"1";"0";"Jumbo KZV limonade orange"
"POS";"8712631820552";"Topbronnen";"";"38000";"1500";"0";"0";"1";"0";"Faja Lobi Pineapple 1,5L"
"POS";"5411118300060";"Topbronnen";"";"38000";"1500";"0";"0";"1";"0";"Helder water 1,5L"
"POS";"8711715888310";"Topbronnen";"";"38000";"1500";"0";"0";"1";"0";"Jumbo KZV limonade lemon"
"POS";"8710624992422";"Refresco";"";"36000";"1500";"0";"0";"1";"0";"Plus clear perzik "
"POS";"8710624992446";"Refresco";"";"36000";"1500";"0";"0";"1";"0";"Plus clear citroen "
"POS";"23001749";"Aldi";"";"35000";"1500";"0";"0";"1";"0";"Top aqua citr lemoen"
"POS";"23002814";"Aldi";"";"40000";"1500";"0";"0";"1";"0";"Top aqua licht bruisend"
"POS";"27019962";"Aldi";"";"40000";"1500";"0";"0";"1";"0";"River citroen light "
"POS";"8715600231595";"Vrumona";"";"36000";"1000";"0";"0";"1";"0";"Royal Club Wild Orange"
"POS";"8710624096243";"Refresco";"";"43000";"1500";"0";"0";"1";"0";"First Choice Cola lemon light"
"POS";"8713500008507";"Refresco";"";"43000";"1250";"0";"0";"1";"0";"HERO POMME GRENADINE"
"POS";"8713500008491";"Refresco";"";"43000";"1250";"0";"0";"1";"0";"HERO FRAMBOISE"
"POS";"8001620001899";"Bickery";"";"38000";"1500";"0";"0";"1";"0";"San Benedetto Aqua Min Nat "
"POS";"8712566163533";"Refresco";"";"44000";"1500";"0";"0";"1";"0";" LIT 26160301 ZERO NL"
"POS";"8712566163656";"Refresco";"";"44000";"1500";"0";"0";"1";"0";" LIT 26160501 LEM ZERO NL"
"POS";"8001620001905";"Bickery";"";"30000";"1000";"0";"0";"1";"0";"San benedetto frizante"
"POS";"8712566163519";"Refresco";"";"44000";"1500";"0";"0";"1";"0";" LIT 16150101 Spark Regular NL"
"POS";"5449000180322";"Coca-Cola";"";"47000";"1500";"0";"0";"1";"0";"SCHWEPPES LEMON FUSION"
"POS";"8712631823003";"Topbronnen";"";"38000";"1500";"0";"0";"1";"0";"Faja Lobi Orange trafasie"
"POS";"8715600232431";"Vrumona";"";"41000";"1500";"0";"0";"1";"0";"Crystal Clear Sparkling Apple"
"POS";"5000112563320";"Coca-Cola";"";"33000";"1000";"0";"0";"1";"0";"SCHWEPPES TONIC"
"POS";"5000112563368";"Coca-Cola";"";"33000";"1000";"0";"0";"1";"0";"SCHWEPPES BITTER LEMON"
"POS";"8712566158928";"Refresco";"";"44000";"1500";"0";"0";"1";"0";"Lipton Ice Tea Regular bruisen"
"POS";"8712566159048";"Refresco";"";"41700";"1500";"0";"0";"1";"0";"Lipton ijsthee light"
"POS";"5410013126003";"Spadel";"";"32000";"1500";"0";"0";"1";"0";"Spa Reine"
"POS";"5410013115755";"Spadel";"";"44000";"1500";"0";"0";"1";"25";"Spa Barisart"
"POS";"8722200952485";"U.S.D.";"";"29000";"1500";"0";"0";"1";"25";"Euroshopper Cassis"
"POS";"8713500008996";"Refresco";"";"43000";"1250";"0";"0";"1";"0";"Hero Bosvruchten"
"POS";"8713500008989";"Refresco";"";"43000";"1250";"0";"0";"1";"0";"Hero Appel Peer"
"POS";"8718375476963";"Refresco";"";"36000";"1500";"0";"0";"1";"0";"Jumbo kzv orange"
"POS";"8718375476949";"Refresco";"";"36000";"1500";"0";"0";"1";"0";"Jumbo kzv lemon"
"POS";"8711900010540";"Refresco";"";"36000";"1500";"0";"0";"1";"0";"E cassis"
"POS";"8710624119362";"Refresco";"";"36000";"1500";"0";"0";"1";"0";"DEEN Limonade Lemon"
"POS";"8710624119348";"Refresco";"";"36000";"1500";"0";"0";"1";"0";"DEEN Limonade Orange"
"POS";"8710458017346";"Refresco";"";"36000";"1500";"0";"0";"1";"0";"MM Clear Cranb. Limoen"
"POS";"8710624115630";"Refresco";"";"36000";"1500";"0";"0";"1";"0";"PE Clear Cranb. Limoen"
"POS";"8710624977603";"Refresco";"";"36000";"1500";"0";"0";"1";"0";"PM Clear Cranb. Limoen"
"POS";"23002128";"Aldi";"";"38000";"1500";"0";"0";"1";"0";"Top Aqua sinaas/passie- bosvru"
"POS";"8710395945054";"Refresco";"";"36000";"1500";"0";"0";"1";"0";"KC Fris Zw. Bes 74000558"
"POS";"8710395945092";"Refresco";"";"36000";"1500";"0";"0";"1";"0";"KC Fris Framb 74000557"
"POS";"8710395945078";"Refresco";"";"36000";"1500";"0";"0";"1";"0";"KC Fris Sinas 74000563"
"POS";"8718265413382";"Topbronnen";"";"38000";"1500";"0";"0";"1";"0";"ES Cola"
"POS";"8718265413405";"Topbronnen";"";"38000";"1500";"0";"0";"1";"0";"ES Cola light"
"POS";"8718265431034";"Topbronnen";"";"38000";"1500";"0";"0";"1";"0";"ES Lemon"
"POS";"8718265431003";"Topbronnen";"";"38000";"1500";"0";"0";"1";"0";"ES Orange"
"POS";"8718265413351";"U.S.D.";"";"29000";"1500";"0";"0";"1";"25";"AH cola regular"
"POS";"8718265413344";"U.S.D.";"";"29000";"1500";"0";"0";"1";"25";"AH cola regular"
"POS";"8718265413375";"U.S.D.";"";"29000";"1500";"0";"0";"1";"25";"AH cola light"
"POS";"8718265413368";"U.S.D.";"";"29000";"1500";"0";"0";"1";"25";"AH cola light"
"POS";"8718265413429";"U.S.D.";"";"29000";"1500";"0";"0";"1";"25";"AH sinas regular"
"POS";"8718265413443";"U.S.D.";"";"29000";"1500";"0";"0";"1";"25";"AH sinas light"
"POS";"8718265413467";"Refresco";"";"38000";"1500";"0";"0";"1";"0";"water"
"POS";"8718265413481";"Refresco";"";"38000";"1500";"0";"0";"1";"0";"water KZH"
"POS";"8718265413504";"Refresco";"";"38000";"1500";"0";"0";"1";"0";"water sprankelend"
"POS";"8710624122690";"Topbronnen";"";"38000";"1500";"0";"0";"1";"0";"Perfekt Bronwater KZV"
"POS";"8710624122676";"Topbronnen";"";"38000";"1500";"0";"0";"1";"0";"Perfekt Bronwater KZH"
"POS";"8710458017650";"Topbronnen";"";"38000";"1500";"0";"0";"1";"0";"Markant Bronwater KZV"
"POS";"8710458017667";"Topbronnen";"";"38000";"1500";"0";"0";"1";"0";"Markant Bronwater KZH"
"POS";"8710624956516";"Topbronnen";"";"38000";"1500";"0";"0";"1";"0";"Plus Bronwater KZV"
"POS";"8710624956493";"Topbronnen";"";"38000";"1500";"0";"0";"1";"0";"Plus Bronwater KZH"
"POS";"5000112589535";"Coca-Cola";"";"44000";"1500";"0";"0";"1";"0";"SCHWEPPES APPLE LIME FUSION RE"
"POS";"8715600233643";"Vrumona";"";"43000";"1500";"1";"0";"1";"0";"7UP Orange (GP2830)"
"POS";"8713300045412";"Refresco";"";"43000";"1500";"0";"0";"1";"0";"Appelsientje citroen limoen"
"POS";"8713300045429";"Refresco";"";"43000";"1500";"0";"0";"1";"0";"Appelsientje sinaasappel less "
"POS";"8713300045405";"Refresco";"";"43000";"1500";"0";"0";"1";"0";"Appelsientje appel troebel"
"POS";"8713300045399";"Refresco";"";"43000";"1500";"0";"0";"1";"0";"Appelsientje sinaasappel"
"POS";"8713300045702";"Refresco";"";"36000";"1500";"0";"0";"1";"0";"Dubbelfrisss appel-perzik"
"POS";"8713300045719";"Refresco";"";"36000";"1500";"0";"0";"1";"0";"Dubbelfrisss frambooscranberry"
"POS";"5410013118305";"Spadel";"";"41000";"2000";"0";"0";"1";"25";"Spa Reine"
"POS";"5410013107279";"Spadel";"";"26000";"1000";"0";"0";"1";"25";"Spa Reine"
"POS";"5410013114604";"Spadel";"";"41000";"1000";"0";"0";"1";"0";"Spa barisart"
"POS";"5410013134039";"Spadel";"";"41000";"1000";"0";"0";"1";"0";"Spa Marie-Henriette"
"POS";"8712566394609";"Refresco";"";"44000";"1500";"0";"0";"1";"0";"Lipton Ice Tea sparkling"
"POS";"8712566394531";"Refresco";"";"44000";"1500";"0";"0";"1";"0";"Lipton Ice Tea Zero"
"POS";"8713300045856";"Refresco";"";"36000";"1500";"0";"0";"1";"0";"Dubbelfrisss Appel -Perzik"
"POS";"5410013124207";"Spadel";"";"40000";"1250";"0";"0";"1";"0";"Spa citron 100% natuurlijk"
"POS";"8712566394494";"Refresco";"";"36000";"1500";"0";"0";"1";"0";"Lipton Icetea zero sugar lemom"
"POS";"8715600233674";"Vrumona";"";"40000";"1500";"0";"0";"1";"0";"Crystal Clear Cranberry Vlierb"
"POS";"8715600233698";"Vrumona";"";"40000";"1500";"0";"0";"1";"0";"Crystal Clear Appel Jasmijn "
"POS";"8713300045863";"Refresco";"";"36000";"1500";"0";"0";"1";"0";"Dubbelfrisss Framboos-Cranberr"
"POS";"8715600234053";"Vrumona";"";"40000";"1500";"0";"0";"1";"0";"Sourcy citron"
"POS";"8715600233919";"Vrumona";"";"36000";"1000";"0";"0";"1";"0";"Royal Club Fresh Citrus"
"POS";"8717775816690";"Topbronnen";"";"38000";"1500";"0";"0";"1";"0";"ES KZV water"
"POS";"8718265544284";"U.S.D.";"";"29000";"1500";"0";"0";"1";"25";"Cola Stevia"
"POS";"8718265545083";"U.S.D.";"";"29000";"1500";"0";"0";"1";"25";"Sinas Stevia"
"POS";"8711900010977";"Refresco";"";"38000";"1500";"0";"0";"1";"0";"Wicky fruitfris sinaasappelsap"
"POS";"8711900010854";"Refresco";"";"38000";"1500";"0";"0";"1";"0";"Wicky fruitfris aardbei"
"POS";"8711900010830";"Refresco";"";"38000";"1500";"0";"0";"1";"0";"Wicky fruitfris appel"
"POS";"8710408193854";"Refresco";"";"38000";"1500";"0";"0";"1";"0";"C1000 cola CV  "
"POS";"8710458017896";"Refresco";"";"38000";"1500";"0";"0";"1";"0";"Markant water & fruit appel "
"POS";"8710624126919";"Refresco";"";"38000";"1500";"0";"0";"1";"0";"Perfekt water & fruit appel"
"POS";"8710458017902";"Refresco";"";"38000";"1500";"0";"0";"1";"0";"Markant water & fruit citroen"
"POS";"8710624126933";"Refresco";"";"38000";"1500";"0";"0";"1";"0";"Perfekt water & fruit citroen"
"POS";"8710458018015";"Refresco";"";"38000";"1500";"0";"0";"1";"0";"Markant water & fruit citroen"
"POS";"8710624126957";"Refresco";"";"38000";"1500";"0";"0";"1";"0";"Perfekt water & fruit citroen-"
"POS";"8710458017889";"Refresco";"";"38000";"1500";"0";"0";"1";"0";"Markant water & fruit orange "
"POS";"8710624126896";"Refresco";"";"38000";"1500";"0";"0";"1";"0";"Perfekt water & fruit orange"
"POS";"8710624131463";"Refresco";"";"38000";"1500";"0";"0";"1";"0";"limonade kzv orange"
"POS";"8710624131487";"Refresco";"";"38000";"1500";"0";"0";"1";"0";"limonade kzv lemon"
"POS";"8718104460324";"Dalphin";"";"38000";"1500";"0";"0";"1";"0";"SprinQler Sinaasappel-Mango"
"POS";"8718104460287";"Dalphin";"";"38000";"1500";"0";"0";"1";"0";"SprinQler Appel-Peer"
"POS";"3068320040103";"BSB";"";"34000";"1500";"3";"0";"1";"25";"Evian "
"POS";"3068320080000";"BSB";"";"30000";"1000";"3";"0";"1";"0";"Evian"
"POS";"5400151002789";"Topbronnen";"";"38000";"1500";"0";"0";"1";"0";"ARO KZV water"
"POS";"5400151001218";"Topbronnen";"";"38000";"1500";"0";"0";"1";"0";"ARO KZH water"
"POS";"8715600232455";"Vrumona";"";"36000";"1500";"0";"0";"1";"0";"Crystal Clear Grapefruit"
"POS";"8718449020252";"Refresco";"";"35000";"1500";"0";"0";"1";"0";"Jumbo water KZV"
"POS";"8718449020276";"Refresco";"";"35000";"1500";"0";"0";"1";"0";"Jumbo water sprankelend"
"POS";"8718449020269";"Refresco";"";"35000";"1500";"0";"0";"1";"0";"Jumbo water KZH"
"POS";"8718449028432";"Refresco";"";"35000";"1500";"0";"0";"1";"0";"Jumbo ice tea regular"
"POS";"8718449028449";"Refresco";"";"35000";"1500";"0";"0";"1";"0";"Jumbo ice tea zero"
"POS";"23001527";"Aldi";"";"32000";"1500";"0";"0";"1";"0";"River Oranges koolzuurvrij"
"POS";"23002166";"Aldi";"";"32000";"1500";"0";"0";"1";"0";"River lemon kzv"
"POS";"8718546668036";"Refresco";"";"33000";"1000";"0";"0";"1";"0";"Marie Stelle Maris"
"POS";"8710624101800";"Refresco";"";"35000";"1500";"0";"0";"1";"0";"Plus Water & Fruit lemoncactus"
"POS";"8710624101787";"Refresco";"";"35000";"1500";"0";"0";"1";"0";"Plus Water & Fruit citroen"
"POS";"8715600234329";"Vrumona";"";"36000";"1500";"0";"0";"1";"0";"SY HSODA AP/FRAM"
"POS";"8715600234428";"Vrumona";"";"36000";"1500";"0";"0";"1";"0";"SY Holy Soda peer/perzik"
"POS";"8715600234466";"Vrumona";"";"36000";"1500";"0";"0";"1";"0";"SY HSODA AP/CRANB"
"POS";"5000112598162";"Coca-Cola";"";"50000";"2000";"1";"0";"1";"0";"SPRITE REC."
"POS";"8710624155803";"U.S.D.";"";"35000";"1500";"0";"0";"1";"25";"OKE cola"
"POS";"8710624155766";"U.S.D.";"";"35000";"1500";"0";"0";"1";"25";"OKE orange"
"POS";"8710624155780";"U.S.D.";"";"35000";"1500";"0";"0";"1";"25";"OKE Lemon & Lime"
"POS";"8710624155827";"U.S.D.";"";"35000";"1500";"0";"0";"1";"25";"OKE cola light"
"POS";"8711576146482";"Dalphin";"";"38000";"1500";"0";"0";"1";"0";"ARO mineraalwater bruisend"
"POS";"8711576146468";"Dalphin";"";"38000";"1500";"0";"0";"1";"25";"ARO mineraalwater koolzuurvrij"
"POS";"5449000189158";"Coca-Cola";"";"36000";"1000";"0";"0";"1";"0";"NESTEA LEMON SPARKLING"
"POS";"5000112602463";"Coca-Cola";"";"40000";"1250";"0";"0";"1";"25";"Coca-Cola"
"POS";"5000112602470";"Coca-Cola";"";"40000";"1250";"0";"0";"1";"25";"Coke light"
"POS";"8718546667039";"Refresco";"";"29000";"1000";"0";"0";"1";"0";"Marie Stella Maris KZH"
"POS";"8717775816157";"Topbronnen";"";"38000";"1500";"0";"0";"1";"0";"Euroshopper KZH water"
"POS";"8713300047584";"Refresco";"";"36000";"1500";"0";"0";"1";"0";" FC AS Sprank Rd Vru 4758"
"POS";"5411871001914";"Infra Food";"";"38000";"1500";"0";"0";"1";"25";"Limondaine lemon"
"POS";"5411871001921";"Infra Food";"";"38000";"1500";"0";"0";"1";"0";"Limondaine sinas"
"POS";"5411871009866";"Infra Food";"";"42000";"1500";"0";"0";"1";"0";"Limondaine fruit zwarte bes/ap"
"POS";"5411871009897";"Infra Food";"";"42000";"1500";"0";"0";"1";"0";"Limondaine fruit appel/citrus"
"POS";"5411871010138";"Infra Food";"";"38000";"1500";"0";"0";"1";"0";"Limondaine light orange"
"POS";"5411871010169";"Infra Food";"";"38000";"1500";"0";"0";"1";"0";"Limondaine light lemon"
"POS";"4250155405120";"Bickery";"";"42000";"1500";"0";"0";"1";"0";"Punica Multivitamine "
"POS";"4250155405168";"Bickery";"";"42000";"1500";"0";"0";"1";"0";"Punica Tropical"
"POS";"8715600234527";"Vrumona";"";"41000";"1500";"0";"0";"1";"0";"Sisi nb Strawberry"
"POS";"8718265761308";"Topbronnen";"";"38000";"1500";"0";"0";"1";"0";"AH Basic KZV water"
"POS";"8711576146741";"Dalphin";"";"38000";"1500";"0";"0";"1";"0";"ARO frisdrank Orange"
"POS";"8711576146680";"Dalphin";"";"38000";"1500";"0";"0";"1";"0";"ARO frisdrank Cola"
"POS";"8711576146727";"Dalphin";"";"38000";"1500";"0";"0";"1";"0";"ARO frisdrank Lemon"
"POS";"8718265745681";"U.S.D.";"";"31000";"1500";"0";"0";"1";"25";"AH Basic casis"
"POS";"8710624165949";"U.S.D.";"";"31000";"1500";"0";"0";"1";"25";"Perfekt drink light"
"POS";"8710624165826";"U.S.D.";"";"31000";"1500";"0";"0";"1";"25";"Perfekt cassis"
"POS";"8710624165888";"U.S.D.";"";"31000";"1500";"0";"0";"1";"25";"Perfekt cola light"
"POS";"8710624166007";"U.S.D.";"";"31000";"1500";"0";"0";"1";"25";"Perfekt sinas light"
"POS";"8710624165925";"U.S.D.";"";"31000";"1500";"0";"0";"1";"25";"Perfektdrink"
"POS";"8710624165963";"U.S.D.";"";"31000";"1500";"0";"0";"1";"25";"Perfekt sinas"
"POS";"8710624165840";"U.S.D.";"";"31000";"1500";"0";"0";"1";"25";"Perfekt cola"
"POS";"5000112606928";"Coca-Cola";"";"40000";"1500";"0";"0";"1";"0";"FANTA RASPBERRY PASSIONFRUIT"
"POS";"8710642024402";"Coca-Cola";"";"37000";"1000";"0";"0";"1";"0";"FERNANDES PINK MELON"
"POS";"5000112588156";"Coca-Cola";"";"33000";"1000";"0";"0";"1";"0";"SCHWEPPES GINGER ALE"
"POS";"8715600234800";"Vrumona";"";"41000";"1500";"0";"0";"1";"0";"Pepsi Next "
"POS";"5410013148203";"Spadel";"";"48000";"1500";"0";"0";"1";"0";"Spa fruit citrus"
"POS";"8718449071278";"Topbronnen";"";"32000";"1500";"0";"0";"1";"0";"Jumbo W&F Appel"
"POS";"8718449071292";"Topbronnen";"";"32000";"1500";"0";"0";"1";"0";"Jumbo W&F Lemon Cactus"
"POS";"8718449071315";"Topbronnen";"";"32000";"1500";"0";"0";"1";"0";"Jumbo W&F Orange Passion"
"POS";"8718449088337";"Topbronnen";"";"32000";"1500";"0";"0";"1";"0";"Jumbo W&F Orange"
"POS";"8718796110668";"Topbronnen";"";"32000";"1500";"0";"0";"1";"0";"AH Basic Cassis"
"POS";"8718796029236";"Topbronnen";"";"32000";"1500";"0";"0";"1";"0";"AH basic sparkling water"
"POS";"8712566472574";"Refresco";"";"42000";"1000";"0";"0";"1";"0";"Lipton Ice Tea"
"POS";"8718265810433";"Topbronnen";"";"31000";"1500";"0";"0";"1";"0";"AH Basic Cola"
"POS";"8718265810440";"Topbronnen";"";"31000";"1500";"0";"0";"1";"0";"AH Basic Cola light"
"POS";"8718265811089";"Topbronnen";"";"31000";"1500";"0";"0";"1";"0";"AH Basic Lemon"
"POS";"8718265811096";"Topbronnen";"";"31000";"1500";"0";"0";"1";"0";"AH Basic Orange"
"POS";"8718449092051";"Topbronnen";"";"31000";"1500";"0";"0";"1";"0";"Jumbo Summerfruit Agrume"
"POS";"8718449092075";"Topbronnen";"";"31000";"1500";"0";"0";"1";"0";"Jumbo Summerfruit Pink Grapefr"
"POS";"8718449092068";"Topbronnen";"";"31000";"1500";"0";"0";"1";"0";"Jumbo Summerfruit Cloudy Lemon"
"POS";"87328103";"U.S.D.";"";"35000";"1500";"0";"0";"1";"25";"Bar LeDuc water met frambozen"
"POS";"87328097";"U.S.D.";"";"35000";"1500";"0";"0";"1";"25";"Bar Le Duc water Granny Smith"
"POS";"8710871134088";"Refresco";"";"32000";"1500";"0";"0";"1";"0";"1 De Beste Clear Cra/Lim"
"POS";"5410013184003";"Spadel";"";"35000";"1500";"0";"0";"1";"0";"Spa Fruit Grenadine"
"POS";"5000112608588";"Coca-Cola";"";"40000";"1500";"0";"0";"1";"0";"Coca-Cola Life"
"POS";"8710458024986";"Refresco";"";"35000";"1500";"0";"0";"1";"0";"Markant clear perzik"
"POS";"8710408112152";"Refresco";"";"29000";"1500";"0";"0";"1";"0";"C-1000 Cola"
"POS";"8710408112169";"Refresco";"";"29000";"1500";"0";"0";"1";"0";"C1000 Cola Light"
"POS";"8710408112176";"Refresco";"";"29000";"1500";"0";"0";"1";"0";"C-1000 Sinas"
"POS";"8710408112183";"Refresco";"";"29000";"1500";"0";"0";"1";"0";"C-1000 Sinas Light"
"POS";"8710408112190";"Refresco";"";"29000";"1500";"0";"0";"1";"0";"C-1000 Casis"
"POS";"8710408112206";"Refresco";"";"29000";"1500";"0";"0";"1";"0";"C-1000 Drink"
"POS";"8710408112213";"Refresco";"";"29000";"1500";"0";"0";"1";"0";"C-1000 Drink Light"
"POS";"8715600236187";"Vrumona";"";"41000";"1500";"0";"0";"1";"0";"Crystal Clear Sparkl Lem cactu"
"POS";"5000112609417";"Coca-Cola";"";"40000";"1250";"0";"0";"1";"25";"Coca-Cola zero"
"POS";"8710624155841";"U.S.D.";"";"31000";"1500";"0";"0";"1";"25";"Oke cassis"
"POS";"8710624179519";"Refresco";"";"32000";"1500";"0";"0";"1";"0";"Perfect clear citroen"
"POS";"87331066";"U.S.D.";"";"35000";"1500";"0";"0";"1";"25";"RAAK Cherry apple"
"POS";"87331035";"U.S.D.";"";"35000";"1500";"0";"0";"1";"25";"RAAK Orange Mango"
"POS";"87331059";"U.S.D.";"";"35000";"1500";"0";"0";"1";"25";"RAAK Tropicall"
"POS";"8718449077867";"Refresco";"";"31000";"1500";"0";"0";"1";"0";"Jumbo Helder citroen"
"POS";"8718449077874";"Refresco";"";"31000";"1500";"0";"0";"1";"0";"Jumbo Helder Perzik"
"POS";"5410013120865";"Spadel";"";"41000";"1500";"0";"0";"1";"0";"Spa Citron"
"POS";"8710624179496";"Refresco";"";"32000";"1500";"0";"0";"1";"0";"Perfekt Clear perzik"
"POS";"8710624179892";"Refresco";"";"27000";"1500";"0";"0";"1";"0";"perfekt clear cranberry limoen"
"POS";"8710458025006";"Refresco";"";"27000";"1500";"0";"0";"1";"0";"markant clear citroen"
"POS";"8710458025051";"Refresco";"";"27000";"1500";"0";"0";"1";"0";"markant clear cranberry limoen"
"POS";"8710624189525";"Topbronnen";"";"31000";"1500";"0";"0";"1";"0";"Perfekt Ice tea regular"
"POS";"8710458027871";"Topbronnen";"";"31000";"1500";"0";"0";"1";"0";"Markant Ice tea regular"
"POS";"8710871155649";"Topbronnen";"";"31000";"1500";"0";"0";"1";"0";"Natural Cool KZV water"
"POS";"8710871155663";"Topbronnen";"";"31000";"1500";"0";"0";"1";"0";"Natural Cool KZH water"
"POS";"8718452106530";"Refresco";"";"27000";"1500";"0";"0";"1";"0";"Jumbo bruisend water + citroen"
"POS";"8718452104307";"Refresco";"";"31000";"1500";"0";"0";"1";"0";"Jumbo ijsthee met koolzuur "
"POS";"8718452104314";"Refresco";"";"31000";"1500";"0";"0";"1";"0";"Jumbo ijsthee zero met koolzuu"
"POS";"8710624194055";"Refresco";"";"38000";"1500";"0";"0";"1";"0";"First Choice met STEVIA"
"POS";"8718452106547";"Refresco";"";"33000";"1500";"0";"0";"1";"0";"Jumbo cola authentic taste"
"POS";"8718452104529";"Refresco";"";"31000";"1500";"0";"0";"1";"0";"jumbo fresh lemon drink"
"POS";"8718452106585";"Refresco";"";"33000";"1500";"0";"0";"1";"0";"Jumbo helder kers"
"POS";"8718452104383";"Refresco";"";"33000";"1500";"0";"0";"1";"0";"Jumbo Sinas Fresh&Fruiti Taste"
"POS";"8718906183643";"Refresco";"";"27000";"1500";"0";"0";"1";"0";"AH BRUISEND WATER KOMKOMMER"
"POS";"8710442436689";"Refresco";"";"27000";"1500";"0";"0";"1";"0";"Spar Cola"
"POS";"8718452104550";"Refresco";"";"31000";"1500";"0";"0";"1";"0";"Jumbo Cassis Regular"
"POS";"8722200953659";"U.S.D.";"";"38000";"1250";"0";"0";"1";"25";"Bld fruitwater Berries&Guarana"
"POS";"8722200953635";"U.S.D.";"";"38000";"1250";"0";"0";"1";"25";"Bld fruitwater lemon&mint"
"POS";"23084926";"Aldi";"";"48000";"2000";"0";"0";"1";"0";"Fruima Tropical"
"POS";"23086401";"Aldi";"";"27000";"1500";"0";"0";"1";"25";"Quellbrunn Bruisend / kzv"
"POS";"5410013184102";"Spadel";"";"41000";"1250";"0";"0";"1";"0";"SPA GRENADINE"
"POS";"5410013156529";"Spadel";"";"40000";"1000";"0";"0";"1";"0";"Spa Touch Of Peach"
"POS";"5000112615623";"Coca-Cola";"";"40000";"1500";"0";"0";"1";"25";"FANTA PINEAPPLE LEMON"
"POS";"4250155406356";"Bickery";"";"29000";"1250";"0";"0";"1";"0";"Multivitamin "
"POS";"4250155406431";"Bickery";"";"29000";"1250";"0";"0";"1";"0";"tropical fruits"
"POS";"5000112618730";"Coca-Cola";"";"33000";"1000";"0";"0";"1";"0";"COCA-COLA LIFE"
"POS";"5000112617221";"Coca-Cola";"";"40000";"1500";"0";"0";"1";"0";"SPRITE MUNT"
"POS";"8712100834288";"Unilever";"";"35000";"1000";"0";"0";"1";"0";"Lipton RTD Green"
"POS";"8710908947544";"Unilever";"";"42000";"1000";"0";"0";"1";"0";"Pure Leaf RTD Lemon"
"POS";"8710908947759";"Unilever";"";"42000";"1000";"0";"0";"1";"0";"Pure Leaf RTD Mint"
"POS";"8717953101518";"Earthwater";"";"30000";"1000";"0";"0";"1";"0";"Earthwater still"
"POS";"8717953101525";"Earthwater";"";"30000";"1000";"0";"0";"1";"0";"Earthwater sparkling"
"POS";"8712100720499";"Unilever";"";"46000";"1500";"0";"0";"1";"0";"Lipton RTD Green"
"POS";"87332889";"Vrumona";"";"38000";"1000";"0";"0";"1";"0";"Sourcy Rood Munt"
"POS";"8718265761315";"Dalphin";"";"31000";"1500";"0";"0";"1";"0";"AH Basic water still"
"POS";"8710624204549";"Topbronnen";"";"31000";"1500";"0";"0";"1";"0";"Markant Licht bruisend Water"
"POS";"8710624671976";"Topbronnen";"";"42000";"1500";"0";"0";"1";"0";"Plus Licht Bruisend Water"
"POS";"8710624204570";"Topbronnen";"";"31000";"1500";"0";"0";"1";"0";"Pefekt Licht Bruisend Water"
"POS";"031200457745";"Granfood";"";"36000";"1000";"0";"0";"1";"0";"Ocean Spray Cranberry & Cherry"
"POS";"00001111";"AriZona";"20210416000000";"100000";"1000";"10";"0";"1";"25";"Test"
"POS";"77778888";"AriZona";"20210530000000";"10000";"100";"10";"0";"1";"15";"Test"
"POS";"00001111";"AriZona";"20210416000000";"100000";"1000";"100";"100";"1";"25";"Test"
"POS";"20000000";"AriZona";"20210530000000";"10000";"400";"10";"0";"1";"15";"Test"
"POS";"20000000";"AriZona";"20210530000000";"10000";"400";"10";"0";"1";"15";"Test"
"POS";"1111111999999";"AriZona";"20210530000000";"10000";"100";"10";"0";"1";"15";"Test"
"POS";"00001111";"AriZona";"20210416000000";"100000";"1000";"100";"0";"1";"25";"Test"
"POS";"9090909090909";"Coca-Cola";"20210417000000";"100000";"1000";"1900";"100";"1";"25";"Test test test test test"
"POS";"8710642093446";"Coca-Cola";"20210417000000";"40000";"1000";"0";"200";"1";"25";"Fernandes ligth green punch"
"POS";"8710642093439";"Coca-Cola";"20210417000000";"37000";"1000";"0";"100";"1";"25";"Fernandes Cherry bouquet light"
"POS";"5000112524437";"Coca-Cola";"20210419000000";"33000";"1000";"1";"0";"1";"25";"SCHWEPPES BITTER LEMON LIGHT 123"
"POS";"455555555";"Vrumona";"20210419000000";"100000";"1000";"10";"0";"1";"25";"Test"
"POS";"0680090308196";"Coca-Cola";"20210419000000";"48000";"1000";"0";"12";"1";"25";"Thrill Green Wave"
"POS";"30303030";"Vrumona";"20210419000000";"100000";"1000";"100";"0";"1";"25";"Test"
"POS";"5000112556100";"Coca-Cola";"20210427000000";"44000";"1000";"0";"0";"1";"25";"FANTA WORLD MANGO"
"POS";"5000112556100";"Coca-Cola";"20210427000000";"44000";"1000";"0";"0";"1";"25";"FANTA WORLD MANGO"
"POS";"5000112556100";"Coca-Cola";"20210427000000";"44000";"1000";"0";"0";"1";"25";"FANTA WORLD MANGO"
"POS";"5000112548648";"Coca-Cola";"20210427000000";"33000";"1000";"0";"1000";"1";"25";"CHAUDFONTAINE FUSION STILL WATERMEL"
"POS";"000001111111";"AriZona";"20210430000000";"1000";"1000";"10";"0";"1";"25";"Test"
"POS";"0001231231231";"Coca-Cola";"20210430000000";"123000";"1200";"11";"0";"1";"25";"Test for confirmation 1126 test"
"POS";"1231231231231";"Coca-Cola";"20210530000000";"1300";"120";"0";"0";"1";"15";"Test article test2 1126"
"POS";"0909090909090";"Coca-Cola";"20210430000000";"500";"10";"0";"0";"1";"25";"Test 1126"
"POS";"0000000011111";"Coca-Cola";"20210430000000";"1800";"1000";"1";"0";"1";"25";"SRNPACK2-1129"
"SUM";"582"
